#,Date-Time (EDT),"Temperature , °C","Light , lux"
1,07/21/2025 17:37:51,24.58,178.32
2,07/21/2025 18:37:51,22.48,1.04
3,07/21/2025 19:37:51,22.01,0.20
4,07/21/2025 20:37:51,21.83,0.00
5,07/21/2025 21:37:51,21.58,0.00
6,07/21/2025 22:37:51,21.32,0.00
7,07/21/2025 23:37:51,21.40,1.04
8,07/22/2025 00:37:51,21.10,1.04
9,07/22/2025 01:37:51,21.06,0.00
10,07/22/2025 02:37:51,21.23,0.00
11,07/22/2025 03:37:51,21.23,0.00
12,07/22/2025 04:37:51,21.28,0.00
13,07/22/2025 05:37:51,21.10,0.00
14,07/22/2025 06:37:51,21.19,0.00
15,07/22/2025 07:37:51,21.28,0.20
16,07/22/2025 08:37:51,19.73,2.31
17,07/22/2025 09:37:51,22.26,0.20
18,07/22/2025 10:37:51,22.52,1.27
19,07/22/2025 11:37:51,20.76,43.22
20,07/22/2025 12:37:51,21.02,43.22
21,07/22/2025 13:37:51,22.43,620.48
22,07/22/2025 14:37:51,22.91,486.88
23,07/22/2025 15:37:51,26.25,774.72
24,07/22/2025 16:37:51,26.25,1030.08
25,07/22/2025 17:37:51,23.46,1.27
26,07/22/2025 18:37:51,22.61,0.62
27,07/22/2025 19:37:51,22.18,0.85
28,07/22/2025 20:37:51,21.45,0.00
29,07/22/2025 21:37:51,19.56,0.00
30,07/22/2025 22:37:51,18.36,0.00
31,07/22/2025 23:37:51,17.50,0.00
32,07/23/2025 00:37:51,16.73,0.00
33,07/23/2025 01:37:51,16.08,0.00
34,07/23/2025 02:37:51,15.48,0.00
35,07/23/2025 03:37:51,15.36,0.00
36,07/23/2025 04:37:51,15.31,0.00
37,07/23/2025 05:37:51,15.91,0.00
38,07/23/2025 06:37:51,15.91,0.41
39,07/23/2025 07:37:51,16.47,1.04
40,07/23/2025 08:37:51,17.63,1.04
41,07/23/2025 09:37:51,18.74,0.85
42,07/23/2025 10:37:51,19.95,0.85
43,07/23/2025 11:37:51,21.10,2.52
44,07/23/2025 12:37:51,21.62,2.52
45,07/23/2025 13:37:51,25.95,6.73
46,07/23/2025 14:37:51,25.99,142.72
47,07/23/2025 15:37:51,27.97,570.40
48,07/23/2025 16:37:51,27.84,337.76
49,07/23/2025 17:37:51,26.30,3411.20
50,07/23/2025 18:37:51,26.85,10690.56
51,07/23/2025 19:37:51,26.25,1122.56
52,07/23/2025 20:37:51,25.78,315.44
53,07/23/2025 21:37:51,25.35,0.00
54,07/23/2025 22:37:51,24.97,0.00
55,07/23/2025 23:37:51,24.62,0.00
56,07/24/2025 00:37:51,24.32,0.00
57,07/24/2025 01:37:51,24.11,0.00
58,07/24/2025 02:37:51,23.94,0.00
59,07/24/2025 03:37:51,23.72,0.00
60,07/24/2025 04:37:51,23.51,0.00
61,07/24/2025 05:37:51,23.38,0.00
62,07/24/2025 06:37:51,23.34,697.60
63,07/24/2025 07:37:51,23.38,2127.36
64,07/24/2025 08:37:51,23.55,6343.68
65,07/24/2025 09:37:51,24.06,13962.24
66,07/24/2025 10:37:51,24.24,9607.68
67,07/24/2025 11:37:51,25.39,20403.20
68,07/24/2025 12:37:51,26.17,36751.36
69,07/24/2025 13:37:51,26.64,44072.96
70,07/24/2025 14:37:51,27.50,40570.88
71,07/24/2025 15:37:51,27.93,35962.88
72,07/24/2025 16:37:51,28.44,28416.00
73,07/24/2025 17:37:51,28.44,17694.72
74,07/24/2025 18:37:51,28.01,5232.64
75,07/24/2025 19:37:51,28.01,2150.40
76,07/24/2025 20:37:51,27.63,38.49
77,07/24/2025 21:37:51,26.90,0.00
78,07/24/2025 22:37:51,26.30,0.00
79,07/24/2025 23:37:51,25.99,0.00
80,07/25/2025 00:37:51,25.82,0.00
81,07/25/2025 01:37:51,25.65,0.00
82,07/25/2025 02:37:51,25.48,0.00
83,07/25/2025 03:37:51,25.31,0.00
84,07/25/2025 04:37:51,25.18,0.00
85,07/25/2025 05:37:51,25.05,0.00
86,07/25/2025 06:37:51,24.92,593.28
87,07/25/2025 07:37:51,24.97,2028.80
88,07/25/2025 08:37:51,25.14,5603.84
89,07/25/2025 09:37:51,25.78,9167.36
90,07/25/2025 10:37:51,26.47,24064.00
91,07/25/2025 11:37:51,26.68,15646.72
92,07/25/2025 12:37:51,27.07,12902.40
93,07/25/2025 13:37:51,27.32,21555.20
94,07/25/2025 14:37:51,27.45,18140.16
95,07/25/2025 15:37:51,27.67,16035.84
96,07/25/2025 16:37:51,27.71,10798.08
97,07/25/2025 17:37:51,27.75,7009.28
98,07/25/2025 18:37:51,27.97,6067.20
99,07/25/2025 19:37:51,27.75,1392.64
100,07/25/2025 20:37:51,27.58,163.92
101,07/25/2025 21:37:51,27.11,0.00
102,07/25/2025 22:37:51,26.64,0.00
103,07/25/2025 23:37:51,26.34,0.00
104,07/26/2025 00:37:51,26.04,0.00
105,07/26/2025 01:37:51,25.74,0.00
106,07/26/2025 02:37:51,25.44,0.00
107,07/26/2025 03:37:51,25.27,0.00
108,07/26/2025 04:37:51,25.09,0.00
109,07/26/2025 05:37:51,25.01,0.20
110,07/26/2025 06:37:51,24.88,842.88
111,07/26/2025 07:37:51,24.84,1672.32
112,07/26/2025 08:37:51,24.97,6438.40
113,07/26/2025 09:37:51,25.48,14929.92
114,07/26/2025 10:37:51,25.22,4627.20
115,07/26/2025 11:37:51,26.68,35952.64
116,07/26/2025 12:37:51,26.04,12144.64
117,07/26/2025 13:37:51,25.99,7969.28
118,07/26/2025 14:37:51,26.12,6561.28
119,07/26/2025 15:37:51,26.60,12912.64
120,07/26/2025 16:37:51,26.25,2986.24
121,07/26/2025 17:37:51,26.42,4856.32
122,07/26/2025 18:37:51,26.34,2263.68
123,07/26/2025 19:37:51,26.30,527.20
124,07/26/2025 20:37:51,26.08,207.84
125,07/26/2025 21:37:51,25.91,0.00
126,07/26/2025 22:37:51,25.65,0.00
127,07/26/2025 23:37:51,25.39,0.00
128,07/27/2025 00:37:51,25.27,0.00
129,07/27/2025 01:37:51,25.14,0.00
130,07/27/2025 02:37:51,24.92,0.00
131,07/27/2025 03:37:51,24.84,0.00
132,07/27/2025 04:37:51,24.79,0.00
133,07/27/2025 05:37:51,24.66,0.20
134,07/27/2025 06:37:51,24.58,751.04
135,07/27/2025 07:37:51,24.62,1947.52
136,07/27/2025 08:37:51,24.84,6863.36
137,07/27/2025 09:37:51,25.74,17827.84
138,07/27/2025 10:37:51,26.51,35307.52
139,07/27/2025 11:37:51,27.20,40386.56
140,07/27/2025 12:37:51,27.80,49070.08
141,07/27/2025 13:37:51,28.31,46510.08
142,07/27/2025 14:37:51,28.65,44851.20
143,07/27/2025 15:37:51,28.83,41891.84
144,07/27/2025 16:37:51,29.21,30412.80
145,07/27/2025 17:37:51,29.13,22405.12
146,07/27/2025 18:37:51,28.95,12610.56
147,07/27/2025 19:37:51,28.48,1352.32
148,07/27/2025 20:37:51,28.40,310.40
149,07/27/2025 21:37:51,28.23,0.00
150,07/27/2025 22:37:51,27.54,0.00
151,07/27/2025 23:37:51,27.02,0.00
152,07/28/2025 00:37:51,26.51,0.00
153,07/28/2025 01:37:51,26.17,0.00
154,07/28/2025 02:37:51,25.91,0.00
155,07/28/2025 03:37:51,25.61,0.00
156,07/28/2025 04:37:51,25.35,0.00
157,07/28/2025 05:37:51,25.09,0.00
158,07/28/2025 06:37:51,25.01,536.32
159,07/28/2025 07:37:51,24.88,1560.96
160,07/28/2025 08:37:51,24.88,3458.56
161,07/28/2025 09:37:51,26.08,23336.96
162,07/28/2025 10:37:51,26.81,32112.64
163,07/28/2025 11:37:51,27.28,37990.40
164,07/28/2025 12:37:51,27.80,43458.56
165,07/28/2025 13:37:51,28.18,44871.68
166,07/28/2025 14:37:51,28.57,41533.44
167,07/28/2025 15:37:51,28.78,35870.72
168,07/28/2025 16:37:51,27.84,7782.40
169,07/28/2025 17:37:51,27.58,943.68
170,07/28/2025 18:37:51,27.58,1601.92
171,07/28/2025 19:37:51,27.71,1892.48
172,07/28/2025 20:37:51,27.71,278.80
173,07/28/2025 21:37:51,27.41,0.00
174,07/28/2025 22:37:51,26.90,0.00
175,07/28/2025 23:37:51,26.51,0.00
176,07/29/2025 00:37:51,26.12,0.00
177,07/29/2025 01:37:51,25.78,0.00
178,07/29/2025 02:37:51,25.52,0.00
179,07/29/2025 03:37:51,25.31,0.00
180,07/29/2025 04:37:51,25.14,0.00
181,07/29/2025 05:37:51,25.01,0.20
182,07/29/2025 06:37:51,24.92,480.16
183,07/29/2025 07:37:51,24.79,1235.84
184,07/29/2025 08:37:51,24.92,3147.52
185,07/29/2025 09:37:51,25.82,22589.44
186,07/29/2025 10:37:51,26.12,18329.60
187,07/29/2025 11:37:51,26.51,24320.00
188,07/29/2025 12:37:51,27.24,44380.16
189,07/29/2025 13:37:51,27.58,46387.20
190,07/29/2025 14:37:51,28.01,24596.48
191,07/29/2025 15:37:51,28.44,35348.48
192,07/29/2025 16:37:51,28.48,26603.52
193,07/29/2025 17:37:51,28.40,21350.40
194,07/29/2025 18:37:51,28.18,12344.32
195,07/29/2025 19:37:51,27.75,1560.96
196,07/29/2025 20:37:51,27.71,217.60
197,07/29/2025 21:37:51,27.67,0.00
198,07/29/2025 22:37:51,27.24,0.00
199,07/29/2025 23:37:51,26.64,0.00
200,07/30/2025 00:37:51,26.17,0.00
201,07/30/2025 01:37:51,25.78,0.00
202,07/30/2025 02:37:51,25.44,0.00
203,07/30/2025 03:37:51,25.18,0.00
204,07/30/2025 04:37:51,24.97,0.00
205,07/30/2025 05:37:51,24.75,0.00
206,07/30/2025 06:37:51,24.71,852.16
207,07/30/2025 07:37:51,24.62,2388.48
208,07/30/2025 08:37:51,24.84,7603.20
209,07/30/2025 09:37:51,25.61,19722.24
210,07/30/2025 10:37:51,25.95,26337.28
211,07/30/2025 11:37:51,25.95,23490.56
212,07/30/2025 12:37:51,26.34,17776.64
213,07/30/2025 13:37:51,26.34,6740.48
214,07/30/2025 14:37:51,27.84,38932.48
215,07/30/2025 15:37:51,26.77,27064.32
216,07/30/2025 16:37:51,26.94,11110.40
217,07/30/2025 17:37:51,27.24,18775.04
218,07/30/2025 18:37:51,26.81,2937.60
219,07/30/2025 19:37:51,26.60,716.48
220,07/30/2025 20:37:51,26.55,109.64
221,07/30/2025 21:37:51,26.21,0.00
222,07/30/2025 22:37:51,25.61,0.00
223,07/30/2025 23:37:51,25.22,0.00
224,07/31/2025 00:37:51,24.92,0.00
225,07/31/2025 01:37:51,24.71,0.00
226,07/31/2025 02:37:51,24.49,0.00
227,07/31/2025 03:37:51,24.36,0.00
228,07/31/2025 04:37:51,24.19,0.00
229,07/31/2025 05:37:51,24.02,0.00
230,07/31/2025 06:37:51,23.85,114.64
231,07/31/2025 07:37:51,23.72,851.20
232,07/31/2025 08:37:51,23.68,978.56
233,07/31/2025 09:37:51,23.68,2558.08
234,07/31/2025 10:37:51,23.59,4876.80
235,07/31/2025 11:37:51,23.55,3554.56
236,07/31/2025 12:37:51,23.76,8834.56
237,07/31/2025 13:37:51,24.19,26091.52
238,07/31/2025 14:37:51,25.09,26869.76
239,07/31/2025 15:37:51,25.09,29030.40
240,07/31/2025 16:37:51,25.35,11617.28
241,07/31/2025 17:37:51,25.18,20060.16
242,07/31/2025 18:37:51,24.92,6540.80
243,07/31/2025 19:37:51,24.58,1817.60
244,07/31/2025 20:37:51,24.06,220.08
245,07/31/2025 21:37:51,23.76,0.00
246,07/31/2025 22:37:51,23.51,0.00
247,07/31/2025 23:37:51,23.38,0.00
248,08/01/2025 00:37:51,23.16,0.00
249,08/01/2025 01:37:51,23.12,0.00
250,08/01/2025 02:37:51,22.95,0.00
251,08/01/2025 03:37:51,22.82,0.00
252,08/01/2025 04:37:51,22.69,0.00
253,08/01/2025 05:37:51,22.48,0.00
254,08/01/2025 06:37:51,22.39,405.92
255,08/01/2025 07:37:51,22.35,1381.12
256,08/01/2025 08:37:51,22.35,4496.64
257,08/01/2025 09:37:51,23.34,22753.28
258,08/01/2025 10:37:51,23.85,27883.52
259,08/01/2025 11:37:51,23.85,33075.20
260,08/01/2025 12:37:51,23.29,8056.32
261,08/01/2025 13:37:51,23.59,11130.88
262,08/01/2025 14:37:51,24.84,41502.72
263,08/01/2025 15:37:51,23.94,9192.96
264,08/01/2025 16:37:51,24.71,16711.68
265,08/01/2025 17:37:51,24.71,19082.24
266,08/01/2025 18:37:51,24.45,11258.88
267,08/01/2025 19:37:51,23.94,1137.60
268,08/01/2025 20:37:51,23.42,148.12
269,08/01/2025 21:37:51,22.95,0.00
270,08/01/2025 22:37:51,22.56,0.00
271,08/01/2025 23:37:51,22.35,0.00
272,08/02/2025 00:37:51,22.18,0.00
273,08/02/2025 01:37:51,22.05,0.00
274,08/02/2025 02:37:51,21.88,0.00
275,08/02/2025 03:37:51,21.75,0.00
276,08/02/2025 04:37:51,21.62,0.00
277,08/02/2025 05:37:51,21.40,0.00
278,08/02/2025 06:37:51,21.32,391.68
279,08/02/2025 07:37:51,21.28,2045.44
280,08/02/2025 08:37:51,21.32,4277.76
281,08/02/2025 09:37:51,22.01,14146.56
282,08/02/2025 10:37:51,22.43,19066.88
283,08/02/2025 11:37:51,23.08,23336.96
284,08/02/2025 12:37:51,23.38,34447.36
285,08/02/2025 13:37:51,23.85,38737.92
286,08/02/2025 14:37:51,24.02,27320.32
287,08/02/2025 15:37:51,24.32,32378.88
288,08/02/2025 16:37:51,24.32,25344.00
289,08/02/2025 17:37:51,23.98,13747.20
290,08/02/2025 18:37:51,23.72,5934.08
291,08/02/2025 19:37:51,23.46,1596.16
292,08/02/2025 20:37:51,23.42,184.32
293,08/02/2025 21:37:51,23.12,0.00
294,08/02/2025 22:37:51,22.65,0.00
295,08/02/2025 23:37:51,22.22,0.00
296,08/03/2025 00:37:51,21.92,0.00
297,08/03/2025 01:37:51,21.58,0.00
298,08/03/2025 02:37:51,21.40,0.00
299,08/03/2025 03:37:51,21.23,0.00
300,08/03/2025 04:37:51,21.15,0.00
301,08/03/2025 05:37:51,21.06,0.00
302,08/03/2025 06:37:51,20.93,321.44
303,08/03/2025 07:37:51,20.93,622.56
304,08/03/2025 08:37:51,21.02,3504.64
305,08/03/2025 09:37:51,21.45,11269.12
306,08/03/2025 10:37:51,22.01,16870.40
307,08/03/2025 11:37:51,22.39,24586.24
308,08/03/2025 12:37:51,22.69,26112.00
309,08/03/2025 13:37:51,23.03,27371.52
310,08/03/2025 14:37:51,23.42,29491.20
311,08/03/2025 15:37:51,23.34,17751.04
312,08/03/2025 16:37:51,23.29,12723.20
313,08/03/2025 17:37:51,23.16,8547.84
314,08/03/2025 18:37:51,23.03,4307.20
315,08/03/2025 19:37:51,22.91,1530.88
316,08/03/2025 20:37:51,22.86,110.48
317,08/03/2025 21:37:51,22.86,0.00
318,08/03/2025 22:37:51,22.78,0.00
319,08/03/2025 23:37:51,22.35,0.00
320,08/04/2025 00:37:51,21.96,0.00
321,08/04/2025 01:37:51,21.62,0.00
322,08/04/2025 02:37:51,21.36,0.00
323,08/04/2025 03:37:51,21.10,0.00
324,08/04/2025 04:37:51,20.98,0.00
325,08/04/2025 05:37:51,20.89,0.00
326,08/04/2025 06:37:51,20.85,262.16
327,08/04/2025 07:37:51,20.76,1880.96
328,08/04/2025 08:37:51,20.89,4463.36
329,08/04/2025 09:37:51,21.32,10099.20
330,08/04/2025 10:37:51,21.83,16337.92
331,08/04/2025 11:37:51,22.18,20024.32
332,08/04/2025 12:37:51,22.48,16849.92
333,08/04/2025 13:37:51,22.73,17766.40
334,08/04/2025 14:37:51,22.95,16578.56
335,08/04/2025 15:37:51,22.99,14305.28
336,08/04/2025 16:37:51,22.91,9712.64
337,08/04/2025 17:37:51,22.86,6343.68
338,08/04/2025 18:37:51,22.82,3820.80
339,08/04/2025 19:37:51,22.65,1244.16
340,08/04/2025 20:37:51,22.56,57.74
341,08/04/2025 21:37:51,22.56,0.00
342,08/04/2025 22:37:51,22.65,0.00
343,08/04/2025 23:37:51,22.65,0.00
344,08/05/2025 00:37:51,22.52,0.00
345,08/05/2025 01:37:51,22.22,0.00
346,08/05/2025 02:37:51,21.88,0.00
347,08/05/2025 03:37:51,21.58,0.00
348,08/05/2025 04:37:51,21.32,0.00
349,08/05/2025 05:37:51,21.15,0.00
350,08/05/2025 06:37:51,20.93,196.56
351,08/05/2025 07:37:51,20.93,2200.32
352,08/05/2025 08:37:51,20.98,4357.12
353,08/05/2025 09:37:51,21.53,14192.64
354,08/05/2025 10:37:51,22.31,20290.56
355,08/05/2025 11:37:51,22.56,18508.80
356,08/05/2025 12:37:51,22.86,17049.60
357,08/05/2025 13:37:51,23.34,31027.20
358,08/05/2025 14:37:51,23.25,8322.56
359,08/05/2025 15:37:51,23.55,15805.44
360,08/05/2025 16:37:51,23.59,13143.04
361,08/05/2025 17:37:51,23.64,9374.72
362,08/05/2025 18:37:51,23.46,6748.16
363,08/05/2025 19:37:51,23.12,996.16
364,08/05/2025 20:37:51,23.03,78.64
365,08/05/2025 21:37:51,23.08,0.00
366,08/05/2025 22:37:51,23.08,0.00
367,08/05/2025 23:37:51,23.03,0.00
368,08/06/2025 00:37:51,22.91,0.00
369,08/06/2025 01:37:51,22.56,0.00
370,08/06/2025 02:37:51,22.26,0.00
371,08/06/2025 03:37:51,22.05,0.00
372,08/06/2025 04:37:51,21.79,0.00
373,08/06/2025 05:37:51,21.58,0.00
374,08/06/2025 06:37:51,21.40,219.28
375,08/06/2025 07:37:51,21.36,1025.28
376,08/06/2025 08:37:51,21.45,3257.60
377,08/06/2025 09:37:51,21.79,6543.36
378,08/06/2025 10:37:51,22.52,18083.84
379,08/06/2025 11:37:51,22.13,7009.28
380,08/06/2025 12:37:51,23.34,27627.52
381,08/06/2025 13:37:51,23.42,15825.92
382,08/06/2025 14:37:51,23.72,13926.40
383,08/06/2025 15:37:51,23.94,18048.00
384,08/06/2025 16:37:51,24.02,14545.92
385,08/06/2025 17:37:51,24.06,12876.80
386,08/06/2025 18:37:51,23.76,6062.08
387,08/06/2025 19:37:51,23.51,743.36
388,08/06/2025 20:37:51,23.42,61.06
389,08/06/2025 21:37:51,23.38,0.00
390,08/06/2025 22:37:51,23.29,0.00
391,08/06/2025 23:37:51,22.91,0.00
392,08/07/2025 00:37:51,22.56,0.00
393,08/07/2025 01:37:51,22.18,0.00
394,08/07/2025 02:37:51,22.01,0.00
395,08/07/2025 03:37:51,21.79,0.00
396,08/07/2025 04:37:51,21.58,0.00
397,08/07/2025 05:37:51,21.40,0.00
398,08/07/2025 06:37:51,21.28,215.12
399,08/07/2025 07:37:51,21.23,1218.24
400,08/07/2025 08:37:51,21.28,2988.80
401,08/07/2025 09:37:51,21.66,5888.00
402,08/07/2025 10:37:51,22.56,16179.20
403,08/07/2025 11:37:51,22.99,14233.60
404,08/07/2025 12:37:51,23.55,22384.64
405,08/07/2025 13:37:51,23.85,23879.68
406,08/07/2025 14:37:51,24.45,35911.68
407,08/07/2025 15:37:51,24.54,33249.28
408,08/07/2025 16:37:51,24.49,20218.88
409,08/07/2025 17:37:51,24.45,16778.24
410,08/07/2025 18:37:51,24.06,4047.36
411,08/07/2025 19:37:51,23.68,936.32
412,08/07/2025 20:37:51,23.59,56.90
413,08/07/2025 21:37:51,23.59,0.00
414,08/07/2025 22:37:51,23.59,0.00
415,08/07/2025 23:37:51,23.29,0.00
416,08/08/2025 00:37:51,22.91,0.00
417,08/08/2025 01:37:51,22.56,0.00
418,08/08/2025 02:37:51,22.31,0.00
419,08/08/2025 03:37:51,22.05,0.00
420,08/08/2025 04:37:51,21.79,0.00
421,08/08/2025 05:37:51,21.70,0.00
422,08/08/2025 06:37:51,21.58,228.64
423,08/08/2025 07:37:51,21.58,1289.92
424,08/08/2025 08:37:51,21.62,2168.96
425,08/08/2025 09:37:51,21.75,3468.80
426,08/08/2025 10:37:51,22.65,15569.92
427,08/08/2025 11:37:51,23.16,16066.56
428,08/08/2025 12:37:51,23.51,24985.60
429,08/08/2025 13:37:51,23.81,24801.28
430,08/08/2025 14:37:51,23.94,20587.52
431,08/08/2025 15:37:51,24.45,26869.76
432,08/08/2025 16:37:51,24.71,15616.00
433,08/08/2025 17:37:51,24.92,16384.00
434,08/08/2025 18:37:51,24.19,4294.40
435,08/08/2025 19:37:51,23.94,815.36
436,08/08/2025 20:37:51,23.81,53.52
437,08/08/2025 21:37:51,23.81,0.00
438,08/08/2025 22:37:51,23.76,0.00
439,08/08/2025 23:37:51,23.72,0.00
440,08/09/2025 00:37:51,23.55,0.00
441,08/09/2025 01:37:51,23.29,0.00
442,08/09/2025 02:37:51,22.99,0.00
443,08/09/2025 03:37:51,22.73,0.00
444,08/09/2025 04:37:51,22.52,0.00
445,08/09/2025 05:37:51,22.31,0.00
446,08/09/2025 06:37:51,22.13,258.56
447,08/09/2025 07:37:51,22.05,1471.36
448,08/09/2025 08:37:51,22.18,3454.72
449,08/09/2025 09:37:51,22.56,6133.76
450,08/09/2025 10:37:51,23.68,24586.24
451,08/09/2025 11:37:51,24.19,30894.08
452,08/09/2025 12:37:51,24.66,36126.72
453,08/09/2025 13:37:51,25.22,38133.76
454,08/09/2025 14:37:51,25.35,34263.04
455,08/09/2025 15:37:51,25.65,33433.60
456,08/09/2025 16:37:51,25.69,25507.84
457,08/09/2025 17:37:51,25.44,15764.48
458,08/09/2025 18:37:51,25.14,7736.32
459,08/09/2025 19:37:51,24.62,1245.12
460,08/09/2025 20:37:51,24.49,47.28
461,08/09/2025 21:37:51,24.49,0.00
462,08/09/2025 22:37:51,24.45,0.00
463,08/09/2025 23:37:51,24.36,0.00
464,08/10/2025 00:37:51,24.06,0.00
465,08/10/2025 01:37:51,23.72,0.00
466,08/10/2025 02:37:51,23.42,0.00
467,08/10/2025 03:37:51,23.12,0.00
468,08/10/2025 04:37:51,22.86,0.00
469,08/10/2025 05:37:51,22.69,0.00
470,08/10/2025 06:37:51,22.52,275.44
471,08/10/2025 07:37:51,22.48,2113.92
472,08/10/2025 08:37:51,22.61,4360.96
473,08/10/2025 09:37:51,22.95,8622.08
474,08/10/2025 10:37:51,24.02,25405.44
475,08/10/2025 11:37:51,24.66,28641.28
476,08/10/2025 12:37:51,25.01,42373.12
477,08/10/2025 13:37:51,25.65,44298.24
478,08/10/2025 14:37:51,25.91,32163.84
479,08/10/2025 15:37:51,26.17,37017.60
480,08/10/2025 16:37:51,25.44,9978.88
481,08/10/2025 17:37:51,25.82,18641.92
482,08/10/2025 18:37:51,25.44,6581.76
483,08/10/2025 19:37:51,24.97,1438.72
484,08/10/2025 20:37:51,24.88,46.02
485,08/10/2025 21:37:51,24.84,0.00
486,08/10/2025 22:37:51,24.79,0.00
487,08/10/2025 23:37:51,24.71,0.00
488,08/11/2025 00:37:51,24.32,0.00
489,08/11/2025 01:37:51,23.94,0.00
490,08/11/2025 02:37:51,23.64,0.00
491,08/11/2025 03:37:51,23.38,0.00
492,08/11/2025 04:37:51,23.12,0.00
493,08/11/2025 05:37:51,22.91,0.00
494,08/11/2025 06:37:51,22.78,274.40
495,08/11/2025 07:37:51,22.65,1694.08
496,08/11/2025 08:37:51,22.82,3884.80
497,08/11/2025 09:37:51,23.16,7503.36
498,08/11/2025 10:37:51,24.41,28518.40
499,08/11/2025 11:37:51,24.84,33751.04
500,08/11/2025 12:37:51,25.35,39403.52
501,08/11/2025 13:37:51,25.91,40202.24
502,08/11/2025 14:37:51,26.30,40693.76
503,08/11/2025 15:37:51,26.42,34068.48
504,08/11/2025 16:37:51,26.38,27627.52
505,08/11/2025 17:37:51,26.12,17310.72
506,08/11/2025 18:37:51,25.69,8476.16
507,08/11/2025 19:37:51,25.22,620.48
508,08/11/2025 20:37:51,25.14,36.41
509,08/11/2025 21:37:51,25.14,0.00
510,08/11/2025 22:37:51,25.05,0.00
511,08/11/2025 23:37:51,25.05,0.00
512,08/12/2025 00:37:51,24.97,0.00
513,08/12/2025 01:37:51,24.92,0.00
514,08/12/2025 02:37:51,24.75,0.00
515,08/12/2025 03:37:51,24.58,0.00
516,08/12/2025 04:37:51,24.41,0.00
517,08/12/2025 05:37:51,24.32,0.00
518,08/12/2025 06:37:51,24.19,207.44
519,08/12/2025 07:37:51,24.06,1777.28
520,08/12/2025 08:37:51,24.19,3811.84
521,08/12/2025 09:37:51,24.54,7303.68
522,08/12/2025 10:37:51,25.78,30699.52
523,08/12/2025 11:37:51,26.38,33290.24
524,08/12/2025 12:37:51,26.85,40069.12
525,08/12/2025 13:37:51,27.28,39444.48
526,08/12/2025 14:37:51,27.63,39270.40
527,08/12/2025 15:37:51,26.51,14627.84
528,08/12/2025 16:37:51,27.41,24924.16
529,08/12/2025 17:37:51,27.07,14745.60
530,08/12/2025 18:37:51,26.64,6888.96
531,08/12/2025 19:37:51,26.25,654.88
532,08/12/2025 20:37:51,26.25,27.62
533,08/12/2025 21:37:51,26.25,0.00
534,08/12/2025 22:37:51,26.17,0.00
535,08/12/2025 23:37:51,26.08,0.00
536,08/13/2025 00:37:51,25.78,0.00
537,08/13/2025 01:37:51,25.09,0.00
538,08/13/2025 02:37:51,24.79,0.00
539,08/13/2025 03:37:51,24.54,0.00
540,08/13/2025 04:37:51,24.36,0.00
541,08/13/2025 05:37:51,24.15,0.00
542,08/13/2025 06:37:51,23.98,151.44
543,08/13/2025 07:37:51,23.94,1749.12
544,08/13/2025 08:37:51,23.94,3828.48
545,08/13/2025 09:37:51,24.28,8494.08
546,08/13/2025 10:37:51,24.62,12753.92
547,08/13/2025 11:37:51,25.74,43581.44
548,08/13/2025 12:37:51,25.65,25169.92
549,08/13/2025 13:37:51,26.34,24401.92
550,08/13/2025 14:37:51,27.20,44707.84
551,08/13/2025 15:37:51,26.94,35880.96
552,08/13/2025 16:37:51,27.24,27924.48
553,08/13/2025 17:37:51,27.07,16624.64
554,08/13/2025 18:37:51,26.42,6937.60
555,08/13/2025 19:37:51,26.30,1242.56
556,08/13/2025 20:37:51,26.12,36.41
557,08/13/2025 21:37:51,26.12,0.00
558,08/13/2025 22:37:51,25.78,0.00
559,08/13/2025 23:37:51,25.31,0.00
560,08/14/2025 00:37:51,24.84,0.00
561,08/14/2025 01:37:51,24.45,0.00
562,08/14/2025 02:37:51,24.06,0.00
563,08/14/2025 03:37:51,23.85,0.00
564,08/14/2025 04:37:51,23.55,0.00
565,08/14/2025 05:37:51,23.29,0.00
566,08/14/2025 06:37:51,23.08,225.12
567,08/14/2025 07:37:51,22.99,1704.32
568,08/14/2025 08:37:51,23.03,3978.24
569,08/14/2025 09:37:51,23.34,7723.52
570,08/14/2025 10:37:51,24.75,31866.88
571,08/14/2025 11:37:51,25.18,33116.16
572,08/14/2025 12:37:51,25.35,29675.52
573,08/14/2025 13:37:51,26.04,40294.40
574,08/14/2025 14:37:51,26.25,38543.36
575,08/14/2025 15:37:51,25.82,21463.04
576,08/14/2025 16:37:51,26.34,24207.36
577,08/14/2025 17:37:51,25.78,15098.88
578,08/14/2025 18:37:51,25.35,4130.56
579,08/14/2025 19:37:51,25.22,1244.16
580,08/14/2025 20:37:51,25.09,29.28
581,08/14/2025 21:37:51,25.05,0.00
582,08/14/2025 22:37:51,24.66,0.00
583,08/14/2025 23:37:51,24.19,0.00
584,08/15/2025 00:37:51,23.81,0.00
585,08/15/2025 01:37:51,23.51,0.00
586,08/15/2025 02:37:51,23.25,0.00
587,08/15/2025 03:37:51,23.08,0.00
588,08/15/2025 04:37:51,22.91,0.00
589,08/15/2025 05:37:51,22.73,0.00
590,08/15/2025 06:37:51,22.61,187.44
591,08/15/2025 07:37:51,22.52,1690.88
592,08/15/2025 08:37:51,22.61,3834.88
593,08/15/2025 09:37:51,22.91,7424.00
594,08/15/2025 10:37:51,24.19,29050.88
595,08/15/2025 11:37:51,24.79,36577.28
596,08/15/2025 12:37:51,25.14,39987.20
597,08/15/2025 13:37:51,25.65,42393.60
598,08/15/2025 14:37:51,25.91,39976.96
599,08/15/2025 15:37:51,25.01,9533.44
600,08/15/2025 16:37:51,25.74,26757.12
601,08/15/2025 17:37:51,25.52,17024.00
602,08/15/2025 18:37:51,24.92,2453.12
603,08/15/2025 19:37:51,24.79,1468.16
604,08/15/2025 20:37:51,24.71,21.74
605,08/15/2025 21:37:51,24.62,0.00
606,08/15/2025 22:37:51,24.49,0.00
607,08/15/2025 23:37:51,24.11,0.00
608,08/16/2025 00:37:51,23.81,0.00
609,08/16/2025 01:37:51,23.34,0.00
610,08/16/2025 02:37:51,23.08,0.00
611,08/16/2025 03:37:51,22.82,0.00
612,08/16/2025 04:37:51,22.65,0.00
613,08/16/2025 05:37:51,22.48,0.00
614,08/16/2025 06:37:51,22.35,194.96
615,08/16/2025 07:37:51,22.26,1544.32
616,08/16/2025 08:37:51,22.39,3585.28
617,08/16/2025 09:37:51,22.65,6643.20
618,08/16/2025 10:37:51,24.06,32163.84
619,08/16/2025 11:37:51,24.58,38543.36
620,08/16/2025 12:37:51,24.79,44195.84
621,08/16/2025 13:37:51,25.27,41461.76
622,08/16/2025 14:37:51,25.65,43765.76
623,08/16/2025 15:37:51,25.74,37406.72
624,08/16/2025 16:37:51,25.22,14525.44
625,08/16/2025 17:37:51,25.31,11888.64
626,08/16/2025 18:37:51,24.75,3299.84
627,08/16/2025 19:37:51,24.62,1378.56
628,08/16/2025 20:37:51,24.54,10.03
629,08/16/2025 21:37:51,24.54,0.00
630,08/16/2025 22:37:51,24.49,0.00
631,08/16/2025 23:37:51,24.49,0.00
632,08/17/2025 00:37:51,24.36,0.00
633,08/17/2025 01:37:51,24.15,0.00
634,08/17/2025 02:37:51,23.98,0.00
635,08/17/2025 03:37:51,23.68,0.00
636,08/17/2025 04:37:51,23.34,0.00
637,08/17/2025 05:37:51,23.21,0.00
638,08/17/2025 06:37:51,23.16,133.04
639,08/17/2025 07:37:51,23.08,892.16
640,08/17/2025 08:37:51,23.25,3868.16
641,08/17/2025 09:37:51,23.59,10393.60
642,08/17/2025 10:37:51,24.06,19932.16
643,08/17/2025 11:37:51,24.24,18329.60
644,08/17/2025 12:37:51,25.61,47677.44
645,08/17/2025 13:37:51,26.30,55418.88
646,08/17/2025 14:37:51,25.05,9879.04
647,08/17/2025 15:37:51,25.74,49602.56
648,08/17/2025 16:37:51,25.74,17254.40
649,08/17/2025 17:37:51,25.74,20264.96
650,08/17/2025 18:37:51,25.48,3005.44
651,08/17/2025 19:37:51,25.31,911.36
652,08/17/2025 20:37:51,24.75,14.01
653,08/17/2025 21:37:51,24.24,0.00
654,08/17/2025 22:37:51,23.89,0.00
655,08/17/2025 23:37:51,23.51,0.00
656,08/18/2025 00:37:51,23.12,0.00
657,08/18/2025 01:37:51,22.82,0.00
658,08/18/2025 02:37:51,22.61,0.00
659,08/18/2025 03:37:51,22.48,0.00
660,08/18/2025 04:37:51,22.31,0.00
661,08/18/2025 05:37:51,22.18,0.00
662,08/18/2025 06:37:51,22.01,144.80
663,08/18/2025 07:37:51,21.92,1056.96
664,08/18/2025 08:37:51,21.92,2883.84
665,08/18/2025 09:37:51,22.13,5585.92
666,08/18/2025 10:37:51,23.46,19660.80
667,08/18/2025 11:37:51,24.06,29132.80
668,08/18/2025 12:37:51,24.54,34908.16
669,08/18/2025 13:37:51,25.14,42311.68
670,08/18/2025 14:37:51,25.61,40089.60
671,08/18/2025 15:37:51,24.97,9013.76
672,08/18/2025 16:37:51,26.04,26869.76
673,08/18/2025 17:37:51,25.82,16522.24
674,08/18/2025 18:37:51,24.97,2993.92
675,08/18/2025 19:37:51,24.88,839.68
676,08/18/2025 20:37:51,24.28,6.89
677,08/18/2025 21:37:51,23.68,0.00
678,08/18/2025 22:37:51,23.16,0.00
679,08/18/2025 23:37:51,22.69,0.00
680,08/19/2025 00:37:51,22.35,0.00
681,08/19/2025 01:37:51,22.09,0.00
682,08/19/2025 02:37:51,21.96,0.00
683,08/19/2025 03:37:51,21.75,0.00
684,08/19/2025 04:37:51,21.58,0.00
685,08/19/2025 05:37:51,21.45,0.00
686,08/19/2025 06:37:51,21.32,117.12
687,08/19/2025 07:37:51,21.32,2123.52
688,08/19/2025 08:37:51,21.28,3255.04
689,08/19/2025 09:37:51,21.28,4413.44
690,08/19/2025 10:37:51,21.66,8360.96
691,08/19/2025 11:37:51,21.36,1832.32
692,08/19/2025 12:37:51,21.66,9187.84
693,08/19/2025 13:37:51,21.75,7495.68
694,08/19/2025 14:37:51,21.70,3157.76
695,08/19/2025 15:37:51,21.88,6338.56
696,08/19/2025 16:37:51,21.75,1358.08
697,08/19/2025 17:37:51,21.70,776.32
698,08/19/2025 18:37:51,21.75,1101.12
699,08/19/2025 19:37:51,21.70,365.76
700,08/19/2025 20:37:51,21.70,2.52
701,08/19/2025 21:37:51,21.66,0.00
702,08/19/2025 22:37:51,21.66,0.00
703,08/19/2025 23:37:51,21.62,0.00
704,08/20/2025 00:37:51,21.58,0.00
705,08/20/2025 01:37:51,21.49,0.00
706,08/20/2025 02:37:51,21.40,0.00
707,08/20/2025 03:37:51,21.32,0.00
708,08/20/2025 04:37:51,21.23,0.00
709,08/20/2025 05:37:51,21.19,0.00
710,08/20/2025 06:37:51,21.19,95.40
711,08/20/2025 07:37:51,21.15,596.64
712,08/20/2025 08:37:51,21.10,1129.28
713,08/20/2025 09:37:51,21.23,4340.48
714,08/20/2025 10:37:51,21.23,2667.52
715,08/20/2025 11:37:51,21.49,8302.08
716,08/20/2025 12:37:51,21.53,4976.64
717,08/20/2025 13:37:51,21.92,11381.76
718,08/20/2025 14:37:51,21.70,3991.04
719,08/20/2025 15:37:51,21.75,4317.44
720,08/20/2025 16:37:51,21.92,6776.32
721,08/20/2025 17:37:51,21.88,5093.12
722,08/20/2025 18:37:51,21.79,2100.48
723,08/20/2025 19:37:51,21.75,687.68
724,08/20/2025 20:37:51,21.58,4.81
725,08/20/2025 21:37:51,21.40,0.00
726,08/20/2025 22:37:51,21.28,0.00
727,08/20/2025 23:37:51,21.23,0.00
728,08/21/2025 00:37:51,21.10,0.00
729,08/21/2025 01:37:51,21.02,0.00
730,08/21/2025 02:37:51,20.98,0.00
731,08/21/2025 03:37:51,20.93,0.00
732,08/21/2025 04:37:51,20.89,0.00
733,08/21/2025 05:37:51,20.80,0.00
734,08/21/2025 06:37:51,20.80,52.32
735,08/21/2025 07:37:51,20.76,695.68
736,08/21/2025 08:37:51,20.85,3349.76
737,08/21/2025 09:37:51,21.10,6522.88
738,08/21/2025 10:37:51,21.36,10206.72
739,08/21/2025 11:37:51,22.39,25333.76
740,08/21/2025 12:37:51,22.61,54169.60
741,08/21/2025 13:37:51,23.64,38451.20
742,08/21/2025 14:37:51,24.28,43438.08
743,08/21/2025 15:37:51,24.41,26818.56
744,08/21/2025 16:37:51,24.45,25794.56
745,08/21/2025 17:37:51,24.49,14796.80
746,08/21/2025 18:37:51,23.94,2800.64
747,08/21/2025 19:37:51,23.68,702.40
748,08/21/2025 20:37:51,23.59,3.35
749,08/21/2025 21:37:51,23.42,0.00
750,08/21/2025 22:37:51,22.91,0.00
751,08/21/2025 23:37:51,22.48,0.00
752,08/22/2025 00:37:51,22.13,0.00
753,08/22/2025 01:37:51,21.83,0.00
754,08/22/2025 02:37:51,21.58,0.00
755,08/22/2025 03:37:51,21.36,0.00
756,08/22/2025 04:37:51,21.19,0.00
757,08/22/2025 05:37:51,21.02,0.00
758,08/22/2025 06:37:51,20.89,90.40
759,08/22/2025 07:37:51,20.80,1142.72
760,08/22/2025 08:37:51,20.89,2510.08
761,08/22/2025 09:37:51,21.15,4876.80
762,08/22/2025 10:37:51,22.35,20567.04
763,08/22/2025 11:37:51,22.01,20505.60
764,08/22/2025 12:37:51,23.25,33382.40
765,08/22/2025 13:37:51,24.24,40704.00
766,08/22/2025 14:37:51,23.76,23060.48
767,08/22/2025 15:37:51,24.49,36085.76
768,08/22/2025 16:37:51,24.41,25088.00
769,08/22/2025 17:37:51,24.28,15206.40
770,08/22/2025 18:37:51,23.55,2919.68
771,08/22/2025 19:37:51,23.34,775.68
772,08/22/2025 20:37:51,23.16,1.45
773,08/22/2025 21:37:51,23.16,0.00
774,08/22/2025 22:37:51,22.82,0.00
775,08/22/2025 23:37:51,22.39,0.00
776,08/23/2025 00:37:51,22.05,0.00
777,08/23/2025 01:37:51,21.75,0.00
778,08/23/2025 02:37:51,21.49,0.00
779,08/23/2025 03:37:51,21.28,0.00
780,08/23/2025 04:37:51,21.10,0.00
781,08/23/2025 05:37:51,21.02,0.00
782,08/23/2025 06:37:51,20.85,60.28
783,08/23/2025 07:37:51,20.85,1538.56
784,08/23/2025 08:37:51,20.98,3585.28
785,08/23/2025 09:37:51,21.32,10808.32
786,08/23/2025 10:37:51,21.58,13086.72
787,08/23/2025 11:37:51,22.18,14771.20
788,08/23/2025 12:37:51,22.18,11637.76
789,08/23/2025 13:37:51,22.61,11443.20
790,08/23/2025 14:37:51,22.52,6748.16
791,08/23/2025 15:37:51,22.56,7408.64
792,08/23/2025 16:37:51,22.78,7482.88
793,08/23/2025 17:37:51,22.99,8821.76
794,08/23/2025 18:37:51,22.69,2344.96
795,08/23/2025 19:37:51,22.39,492.16
796,08/23/2025 20:37:51,22.18,0.00
797,08/23/2025 21:37:51,21.96,0.00
798,08/23/2025 22:37:51,21.66,0.00
799,08/23/2025 23:37:51,21.58,0.00
800,08/24/2025 00:37:51,21.40,0.00
801,08/24/2025 01:37:51,21.19,0.00
802,08/24/2025 02:37:51,21.15,0.00
803,08/24/2025 03:37:51,21.02,0.00
804,08/24/2025 04:37:51,20.93,0.00
805,08/24/2025 05:37:51,20.85,0.00
806,08/24/2025 06:37:51,20.80,53.56
807,08/24/2025 07:37:51,20.80,1784.32
808,08/24/2025 08:37:51,20.80,1578.88
809,08/24/2025 09:37:51,21.15,4660.48
810,08/24/2025 10:37:51,22.18,31918.08
811,08/24/2025 11:37:51,22.69,36802.56
812,08/24/2025 12:37:51,23.59,41799.68
813,08/24/2025 13:37:51,23.25,32798.72
814,08/24/2025 14:37:51,23.34,41512.96
815,08/24/2025 15:37:51,22.99,5934.08
816,08/24/2025 16:37:51,23.94,26245.12
817,08/24/2025 17:37:51,23.29,4200.96
818,08/24/2025 18:37:51,23.12,3019.52
819,08/24/2025 19:37:51,22.39,305.20
820,08/24/2025 20:37:51,21.96,0.00
821,08/24/2025 21:37:51,21.62,0.00
822,08/24/2025 22:37:51,21.45,0.00
823,08/24/2025 23:37:51,21.28,0.00
824,08/25/2025 00:37:51,21.10,0.00
825,08/25/2025 01:37:51,20.93,0.00
826,08/25/2025 02:37:51,20.80,0.00
827,08/25/2025 03:37:51,20.68,0.00
828,08/25/2025 04:37:51,20.50,0.00
829,08/25/2025 05:37:51,20.42,0.00
830,08/25/2025 06:37:51,20.25,54.40
831,08/25/2025 07:37:51,20.16,1017.60
832,08/25/2025 08:37:51,20.25,2375.04
833,08/25/2025 09:37:51,20.46,6515.20
834,08/25/2025 10:37:51,21.88,27484.16
835,08/25/2025 11:37:51,22.05,7196.16
836,08/25/2025 12:37:51,21.58,9341.44
837,08/25/2025 13:37:51,21.88,4186.88
838,08/25/2025 14:37:51,22.69,26664.96
839,08/25/2025 15:37:51,23.34,30822.40
840,08/25/2025 16:37:51,23.46,21964.80
841,08/25/2025 17:37:51,23.16,15482.88
842,08/25/2025 18:37:51,22.39,1267.52
843,08/25/2025 19:37:51,22.05,730.24
844,08/25/2025 20:37:51,21.53,0.00
845,08/25/2025 21:37:51,21.15,0.00
846,08/25/2025 22:37:51,20.80,0.00
847,08/25/2025 23:37:51,20.50,0.00
848,08/26/2025 00:37:51,20.29,0.00
849,08/26/2025 01:37:51,20.20,0.00
850,08/26/2025 02:37:51,20.07,0.00
851,08/26/2025 03:37:51,19.90,0.00
852,08/26/2025 04:37:51,19.82,0.00
853,08/26/2025 05:37:51,19.69,0.00
854,08/26/2025 06:37:51,19.60,40.62
855,08/26/2025 07:37:51,19.47,824.96
856,08/26/2025 08:37:51,19.52,1889.28
857,08/26/2025 09:37:51,19.69,3718.40
858,08/26/2025 10:37:51,21.06,24944.64
859,08/26/2025 11:37:51,21.40,32819.20
860,08/26/2025 12:37:51,22.13,34058.24
861,08/26/2025 13:37:51,22.35,37601.28
862,08/26/2025 14:37:51,22.73,31477.76
863,08/26/2025 15:37:51,22.73,23808.00
864,08/26/2025 16:37:51,21.88,3408.64
865,08/26/2025 17:37:51,22.39,12646.40
866,08/26/2025 18:37:51,21.79,1910.40
867,08/26/2025 19:37:51,21.40,577.92
868,08/26/2025 20:37:51,20.80,0.00
869,08/26/2025 21:37:51,20.33,0.00
870,08/26/2025 22:37:51,19.95,0.00
871,08/26/2025 23:37:51,19.73,0.00
872,08/27/2025 00:37:51,19.52,0.00
873,08/27/2025 01:37:51,19.47,0.00
874,08/27/2025 02:37:51,19.26,0.00
875,08/27/2025 03:37:51,19.17,0.00
876,08/27/2025 04:37:51,19.09,0.00
877,08/27/2025 05:37:51,19.00,0.00
878,08/27/2025 06:37:51,18.92,29.33
879,08/27/2025 07:37:51,18.92,912.96
880,08/27/2025 08:37:51,18.96,1950.72
881,08/27/2025 09:37:51,19.13,3394.56
882,08/27/2025 10:37:51,20.59,24094.72
883,08/27/2025 11:37:51,21.19,25139.20
884,08/27/2025 12:37:51,21.45,36679.68
885,08/27/2025 13:37:51,21.19,34007.04
886,08/27/2025 14:37:51,21.96,21760.00
887,08/27/2025 15:37:51,22.35,28282.88
888,08/27/2025 16:37:51,22.18,17377.28
889,08/27/2025 17:37:51,21.83,11371.52
890,08/27/2025 18:37:51,21.19,1850.88
891,08/27/2025 19:37:51,20.93,399.20
892,08/27/2025 20:37:51,20.68,0.00
893,08/27/2025 21:37:51,20.12,0.00
894,08/27/2025 22:37:51,19.65,0.00
895,08/27/2025 23:37:51,19.35,0.00
896,08/28/2025 00:37:51,19.13,0.00
897,08/28/2025 01:37:51,18.87,0.00
898,08/28/2025 02:37:51,18.74,0.00
899,08/28/2025 03:37:51,18.66,0.00
900,08/28/2025 04:37:51,18.57,0.00
901,08/28/2025 05:37:51,18.40,0.00
902,08/28/2025 06:37:51,18.36,23.40
903,08/28/2025 07:37:51,18.32,917.76
904,08/28/2025 08:37:51,18.40,3531.52
905,08/28/2025 09:37:51,18.62,5864.96
906,08/28/2025 10:37:51,19.09,13015.04
907,08/28/2025 11:37:51,19.22,8207.36
908,08/28/2025 12:37:51,19.47,10439.68
909,08/28/2025 13:37:51,19.43,5258.24
910,08/28/2025 14:37:51,19.77,12395.52
911,08/28/2025 15:37:51,19.86,8061.44
912,08/28/2025 16:37:51,20.29,7349.76
913,08/28/2025 17:37:51,19.69,3127.04
914,08/28/2025 18:37:51,19.73,2108.80
915,08/28/2025 19:37:51,19.60,464.80
916,08/28/2025 20:37:51,19.43,0.00
917,08/28/2025 21:37:51,19.13,0.00
918,08/28/2025 22:37:51,18.79,0.00
919,08/28/2025 23:37:51,18.62,0.00
920,08/29/2025 00:37:51,18.44,0.00
921,08/29/2025 01:37:51,18.32,0.00
922,08/29/2025 02:37:51,18.23,0.00
923,08/29/2025 03:37:51,18.10,0.00
924,08/29/2025 04:37:51,18.02,0.00
925,08/29/2025 05:37:51,17.84,0.00
926,08/29/2025 06:37:51,17.72,22.21
927,08/29/2025 07:37:51,17.63,657.28
928,08/29/2025 08:37:51,17.67,1559.68
929,08/29/2025 09:37:51,17.84,2869.76
930,08/29/2025 10:37:51,18.40,9454.08
931,08/29/2025 11:37:51,19.09,26193.92
932,08/29/2025 12:37:51,19.60,18437.12
933,08/29/2025 13:37:51,19.09,13419.52
934,08/29/2025 14:37:51,19.17,11555.84
935,08/29/2025 15:37:51,19.39,11535.36
936,08/29/2025 16:37:51,19.52,9374.72
937,08/29/2025 17:37:51,19.26,3612.16
938,08/29/2025 18:37:51,19.13,2055.68
939,08/29/2025 19:37:51,18.70,440.80
940,08/29/2025 20:37:51,18.27,0.00
941,08/29/2025 21:37:51,17.89,0.00
942,08/29/2025 22:37:51,17.67,0.00
943,08/29/2025 23:37:51,17.54,0.00
944,08/30/2025 00:37:51,17.41,0.00
945,08/30/2025 01:37:51,17.37,0.00
946,08/30/2025 02:37:51,17.20,0.00
947,08/30/2025 03:37:51,17.11,0.00
948,08/30/2025 04:37:51,16.99,0.00
949,08/30/2025 05:37:51,16.86,0.00
950,08/30/2025 06:37:51,16.77,20.07
951,08/30/2025 07:37:51,16.73,706.88
952,08/30/2025 08:37:51,16.73,1626.24
953,08/30/2025 09:37:51,16.90,3087.36
954,08/30/2025 10:37:51,18.40,25364.48
955,08/30/2025 11:37:51,17.76,3121.92
956,08/30/2025 12:37:51,18.62,8527.36
957,08/30/2025 13:37:51,19.22,18662.40
958,08/30/2025 14:37:51,18.57,4456.96
959,08/30/2025 15:37:51,19.82,23644.16
960,08/30/2025 16:37:51,19.69,18503.68
961,08/30/2025 17:37:51,18.83,2850.56
962,08/30/2025 18:37:51,18.79,2865.92
963,08/30/2025 19:37:51,18.53,565.12
964,08/30/2025 20:37:51,18.44,0.00
965,08/30/2025 21:37:51,18.40,0.00
966,08/30/2025 22:37:51,18.02,0.00
967,08/30/2025 23:37:51,17.59,0.00
968,08/31/2025 00:37:51,17.24,0.00
969,08/31/2025 01:37:51,17.03,0.00
970,08/31/2025 02:37:51,16.81,0.00
971,08/31/2025 03:37:51,16.69,0.00
972,08/31/2025 04:37:51,16.56,0.00
973,08/31/2025 05:37:51,16.43,0.00
974,08/31/2025 06:37:51,16.34,17.58
975,08/31/2025 07:37:51,16.30,637.44
976,08/31/2025 08:37:51,16.34,1584.64
977,08/31/2025 09:37:51,16.56,2892.80
978,08/31/2025 10:37:51,17.84,22517.76
979,08/31/2025 11:37:51,18.57,29143.04
980,08/31/2025 12:37:51,19.22,31928.32
981,08/31/2025 13:37:51,19.56,33300.48
982,08/31/2025 14:37:51,19.86,30986.24
983,08/31/2025 15:37:51,19.99,24360.96
984,08/31/2025 16:37:51,19.77,19481.60
985,08/31/2025 17:37:51,19.39,8908.80
986,08/31/2025 18:37:51,18.83,2238.72
987,08/31/2025 19:37:51,18.57,449.92
988,08/31/2025 20:37:51,18.44,0.00
989,08/31/2025 21:37:51,18.44,0.00
990,08/31/2025 22:37:51,18.36,0.00
991,08/31/2025 23:37:51,17.97,0.00
992,09/01/2025 00:37:51,17.54,0.00
993,09/01/2025 01:37:51,17.20,0.00
994,09/01/2025 02:37:51,16.94,0.00
995,09/01/2025 03:37:51,16.69,0.00
996,09/01/2025 04:37:51,16.51,0.00
997,09/01/2025 05:37:51,16.43,0.00
998,09/01/2025 06:37:51,16.39,15.91
999,09/01/2025 07:37:51,16.30,795.52
1000,09/01/2025 08:37:51,16.34,1810.56
1001,09/01/2025 09:37:51,16.56,3253.76
1002,09/01/2025 10:37:51,17.93,25354.24
1003,09/01/2025 11:37:51,18.44,29399.04
1004,09/01/2025 12:37:51,18.96,28743.68
1005,09/01/2025 13:37:51,19.56,36986.88
1006,09/01/2025 14:37:51,19.82,34703.36
1007,09/01/2025 15:37:51,19.90,30126.08
1008,09/01/2025 16:37:51,19.69,20904.96
1009,09/01/2025 17:37:51,19.26,11571.20
1010,09/01/2025 18:37:51,18.74,1987.20
1011,09/01/2025 19:37:51,18.49,388.16
1012,09/01/2025 20:37:51,18.40,0.00
1013,09/01/2025 21:37:51,18.44,0.00
1014,09/01/2025 22:37:51,18.36,0.00
1015,09/01/2025 23:37:51,18.23,0.00
1016,09/02/2025 00:37:51,17.84,0.00
1017,09/02/2025 01:37:51,17.50,0.00
1018,09/02/2025 02:37:51,17.24,0.00
1019,09/02/2025 03:37:51,16.99,0.00
1020,09/02/2025 04:37:51,16.77,0.00
1021,09/02/2025 05:37:51,16.60,0.00
1022,09/02/2025 06:37:51,16.47,10.87
1023,09/02/2025 07:37:51,16.43,770.88
1024,09/02/2025 08:37:51,16.51,1860.48
1025,09/02/2025 09:37:51,16.69,3214.08
1026,09/02/2025 10:37:51,18.19,26787.84
1027,09/02/2025 11:37:51,18.49,28835.84
1028,09/02/2025 12:37:51,18.92,8227.84
1029,09/02/2025 13:37:51,18.49,8273.92
1030,09/02/2025 14:37:51,19.22,18959.36
1031,09/02/2025 15:37:51,19.17,11617.28
1032,09/02/2025 16:37:51,19.82,17996.80
1033,09/02/2025 17:37:51,19.22,5962.24
1034,09/02/2025 18:37:51,18.92,1657.60
1035,09/02/2025 19:37:51,18.66,336.32
1036,09/02/2025 20:37:51,18.62,0.00
1037,09/02/2025 21:37:51,18.53,0.00
1038,09/02/2025 22:37:51,18.62,0.00
1039,09/02/2025 23:37:51,18.32,0.00
1040,09/03/2025 00:37:51,17.80,0.00
1041,09/03/2025 01:37:51,17.50,0.00
1042,09/03/2025 02:37:51,17.20,0.00
1043,09/03/2025 03:37:51,16.99,0.00
1044,09/03/2025 04:37:51,16.77,0.00
1045,09/03/2025 05:37:51,16.60,0.00
1046,09/03/2025 06:37:51,16.51,9.41
1047,09/03/2025 07:37:51,16.43,766.72
1048,09/03/2025 08:37:51,16.51,1893.76
1049,09/03/2025 09:37:51,16.77,3448.32
1050,09/03/2025 10:37:51,17.97,22016.00
1051,09/03/2025 11:37:51,18.44,27074.56
1052,09/03/2025 12:37:51,18.96,33515.52
1053,09/03/2025 13:37:51,19.43,32542.72
1054,09/03/2025 14:37:51,19.77,33607.68
1055,09/03/2025 15:37:51,19.90,26726.40
1056,09/03/2025 16:37:51,19.82,20311.04
1057,09/03/2025 17:37:51,19.43,5258.24
1058,09/03/2025 18:37:51,19.26,1964.16
1059,09/03/2025 19:37:51,19.13,263.60
1060,09/03/2025 20:37:51,19.05,0.00
1061,09/03/2025 21:37:51,19.09,0.00
1062,09/03/2025 22:37:51,19.00,0.00
1063,09/03/2025 23:37:51,19.05,0.00
1064,09/04/2025 00:37:51,18.92,0.00
1065,09/04/2025 01:37:51,18.83,0.00
1066,09/04/2025 02:37:51,18.66,0.00
1067,09/04/2025 03:37:51,18.53,0.00
1068,09/04/2025 04:37:51,18.36,0.00
1069,09/04/2025 05:37:51,18.10,0.00
1070,09/04/2025 06:37:51,17.97,1.04
1071,09/04/2025 07:37:51,17.72,641.28
1072,09/04/2025 08:37:51,17.59,1410.56
1073,09/04/2025 09:37:51,17.67,3441.92
1074,09/04/2025 10:37:51,17.63,4500.48
1075,09/04/2025 11:37:51,18.02,8980.48
1076,09/04/2025 12:37:51,18.83,12707.84
1077,09/04/2025 13:37:51,19.65,21749.76
1078,09/04/2025 14:37:51,19.60,32399.36
1079,09/04/2025 15:37:51,20.29,27934.72
1080,09/04/2025 16:37:51,19.77,12001.28
1081,09/04/2025 17:37:51,19.39,4030.72
1082,09/04/2025 18:37:51,19.17,1799.04
1083,09/04/2025 19:37:51,18.96,284.40
1084,09/04/2025 20:37:51,18.66,0.00
1085,09/04/2025 21:37:51,18.23,0.00
1086,09/04/2025 22:37:51,17.84,0.00
1087,09/04/2025 23:37:51,17.59,0.00
1088,09/05/2025 00:37:51,17.41,0.00
1089,09/05/2025 01:37:51,17.29,0.00
1090,09/05/2025 02:37:51,17.20,0.00
1091,09/05/2025 03:37:51,17.07,0.00
1092,09/05/2025 04:37:51,16.94,0.00
1093,09/05/2025 05:37:51,16.81,0.00
1094,09/05/2025 06:37:51,16.69,6.24
1095,09/05/2025 07:37:51,16.60,835.20
1096,09/05/2025 08:37:51,16.69,2170.24
1097,09/05/2025 09:37:51,16.90,6366.72
1098,09/05/2025 10:37:51,17.29,11658.24
1099,09/05/2025 11:37:51,18.27,27555.84
1100,09/05/2025 12:37:51,18.32,30894.08
1101,09/05/2025 13:37:51,19.13,33904.64
1102,09/05/2025 14:37:51,19.56,42045.44
1103,09/05/2025 15:37:51,18.87,5685.76
1104,09/05/2025 16:37:51,19.05,5386.24
1105,09/05/2025 17:37:51,18.92,5742.08
1106,09/05/2025 18:37:51,18.40,1591.68
1107,09/05/2025 19:37:51,18.14,421.28
1108,09/05/2025 20:37:51,18.02,0.00
1109,09/05/2025 21:37:51,17.80,0.00
1110,09/05/2025 22:37:51,17.80,0.00
1111,09/05/2025 23:37:51,17.67,0.00
1112,09/06/2025 00:37:51,17.54,0.00
1113,09/06/2025 01:37:51,17.46,0.00
1114,09/06/2025 02:37:51,17.33,0.00
1115,09/06/2025 03:37:51,17.24,0.00
1116,09/06/2025 04:37:51,17.16,0.00
1117,09/06/2025 05:37:51,17.07,0.00
1118,09/06/2025 06:37:51,16.94,2.73
1119,09/06/2025 07:37:51,16.90,312.88
1120,09/06/2025 08:37:51,16.90,3187.20
1121,09/06/2025 09:37:51,17.16,6064.64
1122,09/06/2025 10:37:51,17.63,13281.28
1123,09/06/2025 11:37:51,18.40,33228.80
1124,09/06/2025 12:37:51,19.13,40355.84
1125,09/06/2025 13:37:51,18.83,41369.60
1126,09/06/2025 14:37:51,19.13,12948.48
1127,09/06/2025 15:37:51,19.47,23572.48
1128,09/06/2025 16:37:51,19.13,7296.00
1129,09/06/2025 17:37:51,18.83,2995.20
1130,09/06/2025 18:37:51,18.49,2122.24
1131,09/06/2025 19:37:51,18.10,309.76
1132,09/06/2025 20:37:51,17.76,0.00
1133,09/06/2025 21:37:51,17.63,0.00
1134,09/06/2025 22:37:51,17.41,0.00
1135,09/06/2025 23:37:51,17.29,0.00
1136,09/07/2025 00:37:51,17.11,0.00
1137,09/07/2025 01:37:51,17.03,0.00
1138,09/07/2025 02:37:51,16.94,0.00
1139,09/07/2025 03:37:51,16.81,0.00
1140,09/07/2025 04:37:51,16.73,0.00
1141,09/07/2025 05:37:51,16.60,0.00
1142,09/07/2025 06:37:51,16.47,3.53
1143,09/07/2025 07:37:51,16.39,744.32
1144,09/07/2025 08:37:51,16.43,1732.48
1145,09/07/2025 09:37:51,16.47,2938.88
1146,09/07/2025 10:37:51,17.97,26132.48
1147,09/07/2025 11:37:51,18.57,31262.72
1148,09/07/2025 12:37:51,18.62,9134.08
1149,09/07/2025 13:37:51,19.26,28078.08
1150,09/07/2025 14:37:51,19.90,29859.84
1151,09/07/2025 15:37:51,19.17,18334.72
1152,09/07/2025 16:37:51,19.09,20526.08
1153,09/07/2025 17:37:51,18.87,5752.32
1154,09/07/2025 18:37:51,18.62,1368.96
1155,09/07/2025 19:37:51,18.49,224.24
1156,09/07/2025 20:37:51,18.14,0.00
1157,09/07/2025 21:37:51,17.80,0.00
1158,09/07/2025 22:37:51,17.46,0.00
1159,09/07/2025 23:37:51,17.07,0.00
1160,09/08/2025 00:37:51,16.81,0.00
1161,09/08/2025 01:37:51,16.64,0.00
1162,09/08/2025 02:37:51,16.56,0.00
1163,09/08/2025 03:37:51,16.43,0.00
1164,09/08/2025 04:37:51,16.30,0.00
1165,09/08/2025 05:37:51,16.21,0.00
1166,09/08/2025 06:37:51,16.08,2.91
1167,09/08/2025 07:37:51,16.00,669.44
1168,09/08/2025 08:37:51,15.96,1609.60
1169,09/08/2025 09:37:51,16.04,2430.08
1170,09/08/2025 10:37:51,17.41,19338.24
1171,09/08/2025 11:37:51,18.06,27535.36
1172,09/08/2025 12:37:51,17.37,6750.72
1173,09/08/2025 13:37:51,18.70,30638.08
1174,09/08/2025 14:37:51,17.67,7902.72
1175,09/08/2025 15:37:51,17.59,6364.16
1176,09/08/2025 16:37:51,18.19,9400.32
1177,09/08/2025 17:37:51,17.80,3778.56
1178,09/08/2025 18:37:51,17.54,972.80
1179,09/08/2025 19:37:51,17.41,148.12
1180,09/08/2025 20:37:51,17.33,0.00
1181,09/08/2025 21:37:51,17.11,0.00
1182,09/08/2025 22:37:51,16.69,0.00
1183,09/08/2025 23:37:51,16.34,0.00
1184,09/09/2025 00:37:51,16.08,0.00
1185,09/09/2025 01:37:51,16.00,0.00
1186,09/09/2025 02:37:51,15.87,0.00
1187,09/09/2025 03:37:51,15.78,0.00
1188,09/09/2025 04:37:51,15.70,0.00
1189,09/09/2025 05:37:51,15.57,0.00
1190,09/09/2025 06:37:51,15.48,1.66
1191,09/09/2025 07:37:51,15.40,680.32
1192,09/09/2025 08:37:51,15.48,2048.64
1193,09/09/2025 09:37:51,15.57,3528.96
1194,09/09/2025 10:37:51,16.69,16896.00
1195,09/09/2025 11:37:51,17.24,21104.64
1196,09/09/2025 12:37:51,17.67,24033.28
1197,09/09/2025 13:37:51,18.06,26798.08
1198,09/09/2025 14:37:51,18.19,20597.76
1199,09/09/2025 15:37:51,18.06,13511.68
1200,09/09/2025 16:37:51,18.02,9886.72
1201,09/09/2025 17:37:51,17.50,3991.04
1202,09/09/2025 18:37:51,17.29,1261.76
1203,09/09/2025 19:37:51,17.07,125.56
1204,09/09/2025 20:37:51,17.03,0.00
1205,09/09/2025 21:37:51,17.03,0.00
1206,09/09/2025 22:37:51,16.94,0.00
1207,09/09/2025 23:37:51,16.60,0.00
1208,09/10/2025 00:37:51,16.21,0.00
1209,09/10/2025 01:37:51,15.91,0.00
1210,09/10/2025 02:37:51,15.70,0.00
1211,09/10/2025 03:37:51,15.53,0.00
1212,09/10/2025 04:37:51,15.48,0.00
1213,09/10/2025 05:37:51,15.44,0.00
1214,09/10/2025 06:37:51,15.36,1.04
1215,09/10/2025 07:37:51,15.36,485.92
1216,09/10/2025 08:37:51,15.48,3080.96
1217,09/10/2025 09:37:51,15.57,3319.04
1218,09/10/2025 10:37:51,16.86,18488.32
1219,09/10/2025 11:37:51,17.41,18186.24
1220,09/10/2025 12:37:51,17.93,30791.68
1221,09/10/2025 13:37:51,17.59,7541.76
1222,09/10/2025 14:37:51,17.46,10936.32
1223,09/10/2025 15:37:51,17.41,8847.36
1224,09/10/2025 16:37:51,17.54,6474.24
1225,09/10/2025 17:37:51,17.24,3142.40
1226,09/10/2025 18:37:51,17.07,1304.00
1227,09/10/2025 19:37:51,16.99,85.48
1228,09/10/2025 20:37:51,17.03,0.00
1229,09/10/2025 21:37:51,17.03,0.00
1230,09/10/2025 22:37:51,17.03,0.00
1231,09/10/2025 23:37:51,17.07,0.00
1232,09/11/2025 00:37:51,17.07,0.00
1233,09/11/2025 01:37:51,17.07,0.00
1234,09/11/2025 02:37:51,16.86,0.00
1235,09/11/2025 03:37:51,16.56,0.00
1236,09/11/2025 04:37:51,16.26,0.00
1237,09/11/2025 05:37:51,15.91,0.00
1238,09/11/2025 06:37:51,15.70,1.24
1239,09/11/2025 07:37:51,15.57,642.40
1240,09/11/2025 08:37:51,15.57,1637.76
1241,09/11/2025 09:37:51,15.70,2310.40
1242,09/11/2025 10:37:51,16.86,15365.12
1243,09/11/2025 11:37:51,17.67,29788.16
1244,09/11/2025 12:37:51,18.62,34856.96
1245,09/11/2025 13:37:51,18.83,33228.80
1246,09/11/2025 14:37:51,18.74,33566.72
1247,09/11/2025 15:37:51,19.00,28057.60
1248,09/11/2025 16:37:51,23.81,712.32
1249,09/11/2025 17:37:51,19.05,14.40
1250,09/11/2025 18:37:51,26.12,0.41
1251,09/11/2025 19:37:51,27.20,0.00
1252,09/11/2025 20:37:51,27.54,0.00
1253,09/11/2025 21:37:51,25.57,0.00
1254,09/11/2025 22:37:51,24.24,0.00
1255,09/11/2025 23:37:51,23.85,0.00
1256,09/12/2025 00:37:51,23.68,0.00
1257,09/12/2025 01:37:51,23.72,0.00
1258,09/12/2025 02:37:51,23.68,0.00
1259,09/12/2025 03:37:51,23.55,0.00
1260,09/12/2025 04:37:51,23.38,0.00
1261,09/12/2025 05:37:51,23.21,0.00
1262,09/12/2025 06:37:51,23.08,0.00
1263,09/12/2025 07:37:51,22.86,0.00
1264,09/12/2025 08:37:51,23.12,0.00
1265,09/12/2025 09:37:51,23.76,0.00
1266,09/12/2025 10:37:51,24.36,0.20
1267,09/12/2025 11:37:51,36.63,1.24
1268,09/12/2025 12:37:51,34.02,2.08
1269,09/12/2025 13:37:51,29.77,2.10
1270,09/12/2025 14:37:51,24.19,1.24
1271,09/12/2025 15:37:51,23.55,0.83
1272,09/12/2025 16:37:51,23.42,1.87
1273,09/12/2025 17:37:51,23.55,2.52
1274,09/12/2025 18:37:51,23.76,0.00
1275,09/12/2025 19:37:51,23.21,0.00
1276,09/12/2025 20:37:51,22.65,0.00
1277,09/12/2025 21:37:51,22.13,0.00
1278,09/12/2025 22:37:51,21.92,0.00
1279,09/12/2025 23:37:51,21.92,0.00
1280,09/13/2025 00:37:51,31.70,0.00
1281,09/13/2025 01:37:51,27.41,0.00
1282,09/13/2025 02:37:51,22.39,0.00
1283,09/13/2025 03:37:51,21.79,0.00
1284,09/13/2025 04:37:51,21.49,0.00
1285,09/13/2025 05:37:51,21.32,0.00
1286,09/13/2025 06:37:51,21.23,0.00
1287,09/13/2025 07:37:51,21.28,0.00
1288,09/13/2025 08:37:51,21.23,0.00
1289,09/13/2025 09:37:51,21.40,0.20
1290,09/13/2025 10:37:51,21.40,0.62
1291,09/13/2025 11:37:51,21.49,0.62
1292,09/13/2025 12:37:51,21.53,1.45
1293,09/13/2025 13:37:51,21.40,1.04
1294,09/13/2025 14:37:51,21.32,2.28
1295,09/13/2025 15:37:51,21.23,3.77
1296,09/13/2025 16:37:51,21.10,1.04
1297,09/13/2025 17:37:51,21.83,25.12
1298,09/13/2025 18:37:51,20.55,11.52
1299,09/13/2025 19:37:51,20.76,0.00
1300,09/13/2025 20:37:51,19.86,0.00
1301,09/13/2025 21:37:51,19.47,0.00
1302,09/13/2025 22:37:51,20.59,0.00
1303,09/13/2025 23:37:51,21.28,0.00
1304,09/14/2025 00:37:51,20.20,0.00
1305,09/14/2025 01:37:51,21.06,0.00
1306,09/14/2025 02:37:51,21.45,0.00
1307,09/14/2025 03:37:51,22.73,0.00
1308,09/14/2025 04:37:51,22.69,0.00
1309,09/14/2025 05:37:51,22.35,0.00
1310,09/14/2025 06:37:51,22.18,0.00
1311,09/14/2025 07:37:51,22.26,0.20
1312,09/14/2025 08:37:51,22.01,1.66
1313,09/14/2025 09:37:51,22.09,1.24
1314,09/14/2025 10:37:51,22.35,2.52
1315,09/14/2025 11:37:51,23.21,2.73
1316,09/14/2025 12:37:51,23.68,8.79
1317,09/14/2025 13:37:51,23.03,1.04
1318,09/14/2025 14:37:51,21.58,1.45
1319,09/14/2025 15:37:51,21.40,2.28
