#,Date_Time_(EDT),Temperature _°C,Light_lux
1,7/21/2025 17:10,28.23,8.68
2,7/21/2025 18:10,22.78,0.21
3,7/21/2025 19:10,22.22,0
4,7/21/2025 20:10,21.75,0
5,7/21/2025 21:10,21.62,0
6,7/21/2025 22:10,21.45,0
7,7/21/2025 23:10,21.32,0
8,7/22/2025 0:10,21.02,0
9,7/22/2025 1:10,20.98,0
10,7/22/2025 2:10,21.02,0
11,7/22/2025 3:10,21.15,0
12,7/22/2025 4:10,21.15,0
13,7/22/2025 5:10,21.1,0
14,7/22/2025 6:10,21.06,0
15,7/22/2025 7:10,21.06,0
16,7/22/2025 8:10,19.65,0.21
17,7/22/2025 9:10,21.7,0.64
18,7/22/2025 10:10,24.19,0.21
19,7/22/2025 11:10,21.02,2.84
20,7/22/2025 12:10,20.29,2.86
21,7/22/2025 13:10,20.59,8.27
22,7/22/2025 14:10,20.93,6.76
23,7/22/2025 15:10,21.1,7.43
24,7/22/2025 16:10,21.32,2.62
25,7/22/2025 17:10,21.62,0
26,7/22/2025 18:10,21.53,0
27,7/22/2025 19:10,21.32,0
28,7/22/2025 20:10,21.15,0
29,7/22/2025 21:10,20.55,0
30,7/22/2025 22:10,19.56,0
31,7/22/2025 23:10,18.83,0
32,7/23/2025 0:10,18.06,0
33,7/23/2025 1:10,17.41,0
34,7/23/2025 2:10,17.03,0
35,7/23/2025 3:10,16.56,0
36,7/23/2025 4:10,16.34,0
37,7/23/2025 5:10,16.43,0
38,7/23/2025 6:10,16.69,0
39,7/23/2025 7:10,16.73,0
40,7/23/2025 8:10,17.16,0.21
41,7/23/2025 9:10,17.97,0.21
42,7/23/2025 10:10,18.74,0.21
43,7/23/2025 11:10,19.47,0
44,7/23/2025 12:10,20.93,3.3
45,7/23/2025 13:10,23.38,397.28
46,7/23/2025 14:10,25.52,4.59
47,7/23/2025 15:10,27.07,57.02
48,7/23/2025 16:10,27.84,58.2
49,7/23/2025 17:10,22.48,214.4
50,7/23/2025 18:10,23.16,229.6
51,7/23/2025 19:10,23.08,0
52,7/23/2025 20:10,22.09,0
53,7/23/2025 21:10,21.06,0
54,7/23/2025 22:10,19.73,0
55,7/23/2025 23:10,19.17,0
56,7/24/2025 0:10,18.96,0
57,7/24/2025 1:10,18.96,0
58,7/24/2025 2:10,18.62,0
59,7/24/2025 3:10,18.14,0
60,7/24/2025 4:10,17.89,0
61,7/24/2025 5:10,17.97,0
62,7/24/2025 6:10,18.87,0
63,7/24/2025 7:10,19.13,0
64,7/24/2025 8:10,19.6,0
65,7/24/2025 9:10,20.55,0
66,7/24/2025 10:10,21.88,0
67,7/24/2025 11:10,22.56,0
68,7/24/2025 12:10,23.16,0
69,7/24/2025 13:10,23.76,0
70,7/24/2025 14:10,31.7,4168.96
71,7/24/2025 15:10,25.69,194.96
72,7/24/2025 16:10,26.21,167.68
73,7/24/2025 17:10,26.64,135.36
74,7/24/2025 18:10,27.02,32.3
75,7/24/2025 19:10,27.24,24.86
76,7/24/2025 20:10,27.28,2.81
77,7/24/2025 21:10,27.07,0
78,7/24/2025 22:10,26.42,0
79,7/24/2025 23:10,26.17,0
80,7/25/2025 0:10,26.04,0
81,7/25/2025 1:10,25.82,0
82,7/25/2025 2:10,25.65,0
83,7/25/2025 3:10,25.57,0
84,7/25/2025 4:10,25.39,0
85,7/25/2025 5:10,25.31,0
86,7/25/2025 6:10,25.14,0
87,7/25/2025 7:10,25.09,10.92
88,7/25/2025 8:10,25.05,19.64
89,7/25/2025 9:10,25.05,76.06
90,7/25/2025 10:10,25.09,38.92
91,7/25/2025 11:10,25.18,60.92
92,7/25/2025 12:10,25.57,133.28
93,7/25/2025 13:10,25.91,110.24
94,7/25/2025 14:10,26.55,95.44
95,7/25/2025 15:10,26.98,58.74
96,7/25/2025 16:10,27.37,51.3
97,7/25/2025 17:10,27.67,31.81
98,7/25/2025 18:10,27.88,34.7
99,7/25/2025 19:10,27.93,8.3
100,7/25/2025 20:10,27.88,2.16
101,7/25/2025 21:10,27.5,0
102,7/25/2025 22:10,27.07,0
103,7/25/2025 23:10,26.68,0
104,7/26/2025 0:10,26.38,0
105,7/26/2025 1:10,26.08,0
106,7/26/2025 2:10,25.78,0
107,7/26/2025 3:10,25.57,0
108,7/26/2025 4:10,25.39,0
109,7/26/2025 5:10,25.22,0
110,7/26/2025 6:10,25.09,0
111,7/26/2025 7:10,24.97,3.48
112,7/26/2025 8:10,24.84,6.57
113,7/26/2025 9:10,24.84,12.71
114,7/26/2025 10:10,24.84,24.53
115,7/26/2025 11:10,24.92,30.7
116,7/26/2025 12:10,25.05,26.29
117,7/26/2025 13:10,25.27,31.43
118,7/26/2025 14:10,25.48,36.22
119,7/26/2025 15:10,25.74,33.62
120,7/26/2025 16:10,25.99,14.2
121,7/26/2025 17:10,26.08,10.71
122,7/26/2025 18:10,26.25,14.66
123,7/26/2025 19:10,26.3,2.84
124,7/26/2025 20:10,26.25,0.43
125,7/26/2025 21:10,26.08,0
126,7/26/2025 22:10,25.95,0
127,7/26/2025 23:10,25.69,0
128,7/27/2025 0:10,25.57,0
129,7/27/2025 1:10,25.44,0
130,7/27/2025 2:10,25.31,0
131,7/27/2025 3:10,25.18,0
132,7/27/2025 4:10,25.05,0
133,7/27/2025 5:10,24.97,0
134,7/27/2025 6:10,24.79,0
135,7/27/2025 7:10,24.79,3.24
136,7/27/2025 8:10,24.75,8.92
137,7/27/2025 9:10,24.75,70.32
138,7/27/2025 10:10,24.84,82.16
139,7/27/2025 11:10,25.01,82.24
140,7/27/2025 12:10,25.39,91.48
141,7/27/2025 13:10,25.91,109.4
142,7/27/2025 14:10,26.68,98.44
143,7/27/2025 15:10,27.37,79.26
144,7/27/2025 16:10,27.97,61.72
145,7/27/2025 17:10,28.57,60.38
146,7/27/2025 18:10,28.95,23.91
147,7/27/2025 19:10,29.08,3.67
148,7/27/2025 20:10,29.08,1.08
149,7/27/2025 21:10,28.87,0
150,7/27/2025 22:10,28.23,0
151,7/27/2025 23:10,27.67,0
152,7/28/2025 0:10,27.2,0
153,7/28/2025 1:10,26.81,0
154,7/28/2025 2:10,26.42,0
155,7/28/2025 3:10,26.04,0
156,7/28/2025 4:10,25.82,0
157,7/28/2025 5:10,25.57,0
158,7/28/2025 6:10,25.27,0
159,7/28/2025 7:10,25.14,1.94
160,7/28/2025 8:10,24.97,3.7
161,7/28/2025 9:10,24.92,22.31
162,7/28/2025 10:10,24.92,37
163,7/28/2025 11:10,25.05,50.76
164,7/28/2025 12:10,25.27,62.16
165,7/28/2025 13:10,25.74,70.5
166,7/28/2025 14:10,26.3,77.9
167,7/28/2025 15:10,26.94,71.3
168,7/28/2025 16:10,27.63,35.16
169,7/28/2025 17:10,28.01,5.43
170,7/28/2025 18:10,28.35,0.64
171,7/28/2025 19:10,28.48,6.11
172,7/28/2025 20:10,28.35,2.16
173,7/28/2025 21:10,28.05,0
174,7/28/2025 22:10,27.58,0
175,7/28/2025 23:10,27.07,0
176,7/29/2025 0:10,26.72,0
177,7/29/2025 1:10,26.42,0
178,7/29/2025 2:10,26.08,0
179,7/29/2025 3:10,25.82,0
180,7/29/2025 4:10,25.52,0
181,7/29/2025 5:10,25.39,0
182,7/29/2025 6:10,25.14,0
183,7/29/2025 7:10,24.97,1.51
184,7/29/2025 8:10,24.88,3.48
185,7/29/2025 9:10,24.88,18.58
186,7/29/2025 10:10,24.84,17.96
187,7/29/2025 11:10,24.97,24.07
188,7/29/2025 12:10,25.18,39.44
189,7/29/2025 13:10,25.48,42.08
190,7/29/2025 14:10,25.95,44.9
191,7/29/2025 15:10,26.6,46.82
192,7/29/2025 16:10,27.15,53.78
193,7/29/2025 17:10,27.71,29.29
194,7/29/2025 18:10,28.14,15.09
195,7/29/2025 19:10,28.4,2.38
196,7/29/2025 20:10,28.48,0
197,7/29/2025 21:10,28.4,0
198,7/29/2025 22:10,27.97,0
199,7/29/2025 23:10,27.32,0
200,7/30/2025 0:10,26.85,0
201,7/30/2025 1:10,26.42,0
202,7/30/2025 2:10,26.04,0
203,7/30/2025 3:10,25.69,0
204,7/30/2025 4:10,25.39,0
205,7/30/2025 5:10,25.14,0
206,7/30/2025 6:10,24.97,0
207,7/30/2025 7:10,24.84,0.86
208,7/30/2025 8:10,24.71,4.35
209,7/30/2025 9:10,24.71,10.3
210,7/30/2025 10:10,24.71,12.93
211,7/30/2025 11:10,24.97,9.63
212,7/30/2025 12:10,25.09,20.83
213,7/30/2025 13:10,25.27,8.98
214,7/30/2025 14:10,25.48,10.52
215,7/30/2025 15:10,25.82,6.79
216,7/30/2025 16:10,26.34,8.3
217,7/30/2025 17:10,26.6,17.04
218,7/30/2025 18:10,26.85,9.6
219,7/30/2025 19:10,27.02,1.51
220,7/30/2025 20:10,27.15,0
221,7/30/2025 21:10,27.15,0
222,7/30/2025 22:10,26.47,0
223,7/30/2025 23:10,25.99,0
224,7/31/2025 0:10,25.57,0
225,7/31/2025 1:10,25.14,0
226,7/31/2025 2:10,24.84,0
227,7/31/2025 3:10,24.58,0
228,7/31/2025 4:10,24.36,0
229,7/31/2025 5:10,24.24,0
230,7/31/2025 6:10,24.02,0
231,7/31/2025 7:10,23.89,0
232,7/31/2025 8:10,23.72,0
233,7/31/2025 9:10,23.68,0
234,7/31/2025 10:10,23.55,0.86
235,7/31/2025 11:10,23.46,1.08
236,7/31/2025 12:10,23.38,1.75
237,7/31/2025 13:10,23.42,3.05
238,7/31/2025 14:10,23.42,3.48
239,7/31/2025 15:10,23.46,1.75
240,7/31/2025 16:10,23.72,6.14
241,7/31/2025 17:10,24.06,0.64
242,7/31/2025 18:10,24.41,2.19
243,7/31/2025 19:10,24.49,0
244,7/31/2025 20:10,24.54,0
245,7/31/2025 21:10,24.32,0
246,7/31/2025 22:10,23.85,0
247,7/31/2025 23:10,23.51,0
248,8/1/2025 0:10,23.38,0
249,8/1/2025 1:10,23.21,0
250,8/1/2025 2:10,23.12,0
251,8/1/2025 3:10,22.99,0
252,8/1/2025 4:10,22.82,0
253,8/1/2025 5:10,22.65,0
254,8/1/2025 6:10,22.52,0
255,8/1/2025 7:10,22.35,0
256,8/1/2025 8:10,22.22,0.43
257,8/1/2025 9:10,22.13,4.81
258,8/1/2025 10:10,22.22,5.7
259,8/1/2025 11:10,22.22,7.68
260,8/1/2025 12:10,22.39,0.64
261,8/1/2025 13:10,22.56,1.54
262,8/1/2025 14:10,22.86,4.38
263,8/1/2025 15:10,23.16,1.75
264,8/1/2025 16:10,23.38,1.54
265,8/1/2025 17:10,23.59,3.08
266,8/1/2025 18:10,23.81,1.54
267,8/1/2025 19:10,23.89,0
268,8/1/2025 20:10,23.85,0
269,8/1/2025 21:10,23.51,0
270,8/1/2025 22:10,22.99,0
271,8/1/2025 23:10,22.56,0
272,8/2/2025 0:10,22.31,0
273,8/2/2025 1:10,22.18,0
274,8/2/2025 2:10,22.01,0
275,8/2/2025 3:10,21.83,0
276,8/2/2025 4:10,21.7,0
277,8/2/2025 5:10,21.58,0
278,8/2/2025 6:10,21.45,0
279,8/2/2025 7:10,21.28,0
280,8/2/2025 8:10,21.15,0
281,8/2/2025 9:10,21.1,2.84
282,8/2/2025 10:10,21.1,3.94
283,8/2/2025 11:10,21.1,5.24
284,8/2/2025 12:10,21.28,5.7
285,8/2/2025 13:10,21.58,6.35
286,8/2/2025 14:10,21.92,5.05
287,8/2/2025 15:10,22.39,4.16
288,8/2/2025 16:10,22.86,3.3
289,8/2/2025 17:10,23.29,2.19
290,8/2/2025 18:10,23.59,1.29
291,8/2/2025 19:10,23.85,0
292,8/2/2025 20:10,23.98,0
293,8/2/2025 21:10,23.89,0
294,8/2/2025 22:10,23.42,0
295,8/2/2025 23:10,22.91,0
296,8/3/2025 0:10,22.43,0
297,8/3/2025 1:10,22.05,0
298,8/3/2025 2:10,21.79,0
299,8/3/2025 3:10,21.49,0
300,8/3/2025 4:10,21.28,0
301,8/3/2025 5:10,21.15,0
302,8/3/2025 6:10,21.02,0
303,8/3/2025 7:10,20.89,0
304,8/3/2025 8:10,20.8,0.21
305,8/3/2025 9:10,20.85,1.51
306,8/3/2025 10:10,20.76,2.4
307,8/3/2025 11:10,20.8,3.48
308,8/3/2025 12:10,20.89,3.73
309,8/3/2025 13:10,21.19,3.94
310,8/3/2025 14:10,21.49,3.94
311,8/3/2025 15:10,21.88,3.27
312,8/3/2025 16:10,22.31,2.19
313,8/3/2025 17:10,22.69,1.51
314,8/3/2025 18:10,23.16,0.64
315,8/3/2025 19:10,23.29,0
316,8/3/2025 20:10,23.55,0
317,8/3/2025 21:10,23.55,0
318,8/3/2025 22:10,23.38,0
319,8/3/2025 23:10,22.95,0
320,8/4/2025 0:10,22.48,0
321,8/4/2025 1:10,22.09,0
322,8/4/2025 2:10,21.79,0
323,8/4/2025 3:10,21.53,0
324,8/4/2025 4:10,21.28,0
325,8/4/2025 5:10,21.1,0
326,8/4/2025 6:10,20.93,0
327,8/4/2025 7:10,20.8,0
328,8/4/2025 8:10,20.76,0
329,8/4/2025 9:10,20.72,1.08
330,8/4/2025 10:10,20.76,1.97
331,8/4/2025 11:10,20.76,2.62
332,8/4/2025 12:10,20.85,3.05
333,8/4/2025 13:10,21.06,2.84
334,8/4/2025 14:10,21.36,2.62
335,8/4/2025 15:10,21.75,1.73
336,8/4/2025 16:10,22.09,1.29
337,8/4/2025 17:10,22.52,1.08
338,8/4/2025 18:10,22.86,0.43
339,8/4/2025 19:10,23.12,0
340,8/4/2025 20:10,23.29,0
341,8/4/2025 21:10,23.42,0
342,8/4/2025 22:10,23.42,0
343,8/4/2025 23:10,23.29,0
344,8/5/2025 0:10,23.03,0
345,8/5/2025 1:10,22.65,0
346,8/5/2025 2:10,22.31,0
347,8/5/2025 3:10,21.96,0
348,8/5/2025 4:10,21.66,0
349,8/5/2025 5:10,21.4,0
350,8/5/2025 6:10,21.19,0
351,8/5/2025 7:10,21.02,0
352,8/5/2025 8:10,20.85,0
353,8/5/2025 9:10,20.89,1.51
354,8/5/2025 10:10,20.85,1.97
355,8/5/2025 11:10,20.89,2.62
356,8/5/2025 12:10,21.1,1.73
357,8/5/2025 13:10,21.32,1.29
358,8/5/2025 14:10,21.7,2.84
359,8/5/2025 15:10,22.09,2.19
360,8/5/2025 16:10,22.56,1.54
361,8/5/2025 17:10,22.99,1.29
362,8/5/2025 18:10,23.34,0.43
363,8/5/2025 19:10,23.59,0
364,8/5/2025 20:10,23.72,0
365,8/5/2025 21:10,23.81,0
366,8/5/2025 22:10,23.81,0
367,8/5/2025 23:10,23.68,0
368,8/6/2025 0:10,23.38,0
369,8/6/2025 1:10,23.08,0
370,8/6/2025 2:10,22.69,0
371,8/6/2025 3:10,22.39,0
372,8/6/2025 4:10,22.09,0
373,8/6/2025 5:10,21.88,0
374,8/6/2025 6:10,21.66,0
375,8/6/2025 7:10,21.53,0
376,8/6/2025 8:10,21.4,0
377,8/6/2025 9:10,21.4,1.73
378,8/6/2025 10:10,21.36,1.97
379,8/6/2025 11:10,21.4,0.64
380,8/6/2025 12:10,21.49,2.19
381,8/6/2025 13:10,21.75,2.62
382,8/6/2025 14:10,22.09,2.19
383,8/6/2025 15:10,22.48,0.86
384,8/6/2025 16:10,22.91,1.51
385,8/6/2025 17:10,23.38,0.86
386,8/6/2025 18:10,23.68,0.21
387,8/6/2025 19:10,23.89,0
388,8/6/2025 20:10,24.02,0
389,8/6/2025 21:10,24.06,0
390,8/6/2025 22:10,23.81,0
391,8/6/2025 23:10,23.46,0
392,8/7/2025 0:10,23.08,0
393,8/7/2025 1:10,22.69,0
394,8/7/2025 2:10,22.43,0
395,8/7/2025 3:10,22.09,0
396,8/7/2025 4:10,21.92,0
397,8/7/2025 5:10,21.66,0
398,8/7/2025 6:10,21.53,0
399,8/7/2025 7:10,21.45,0
400,8/7/2025 8:10,21.28,0
401,8/7/2025 9:10,21.28,1.08
402,8/7/2025 10:10,21.28,1.94
403,8/7/2025 11:10,21.36,3.05
404,8/7/2025 12:10,21.49,2.84
405,8/7/2025 13:10,21.75,3.27
406,8/7/2025 14:10,22.09,2.84
407,8/7/2025 15:10,22.48,2.62
408,8/7/2025 16:10,22.99,1.94
409,8/7/2025 17:10,23.42,1.29
410,8/7/2025 18:10,23.89,0.43
411,8/7/2025 19:10,24.11,0
412,8/7/2025 20:10,24.32,0
413,8/7/2025 21:10,24.28,0
414,8/7/2025 22:10,24.19,0
415,8/7/2025 23:10,23.81,0
416,8/8/2025 0:10,23.42,0
417,8/8/2025 1:10,23.03,0
418,8/8/2025 2:10,22.69,0
419,8/8/2025 3:10,22.43,0
420,8/8/2025 4:10,22.22,0
421,8/8/2025 5:10,22.01,0
422,8/8/2025 6:10,21.83,0
423,8/8/2025 7:10,21.7,0
424,8/8/2025 8:10,21.58,0
425,8/8/2025 9:10,21.58,0.21
426,8/8/2025 10:10,21.7,2.16
427,8/8/2025 11:10,21.66,6.76
428,8/8/2025 12:10,21.83,7.19
429,8/8/2025 13:10,22.13,8.3
430,8/8/2025 14:10,22.35,5.24
431,8/8/2025 15:10,22.78,5.68
432,8/8/2025 16:10,23.21,3.27
433,8/8/2025 17:10,23.64,2.84
434,8/8/2025 18:10,23.98,1.08
435,8/8/2025 19:10,24.24,0
436,8/8/2025 20:10,24.41,0
437,8/8/2025 21:10,24.54,0
438,8/8/2025 22:10,24.54,0
439,8/8/2025 23:10,24.41,0
440,8/9/2025 0:10,24.06,0
441,8/9/2025 1:10,23.76,0
442,8/9/2025 2:10,23.46,0
443,8/9/2025 3:10,23.16,0
444,8/9/2025 4:10,22.91,0
445,8/9/2025 5:10,22.61,0
446,8/9/2025 6:10,22.43,0
447,8/9/2025 7:10,22.26,0
448,8/9/2025 8:10,22.13,0
449,8/9/2025 9:10,22.13,2.16
450,8/9/2025 10:10,22.09,2.38
451,8/9/2025 11:10,22.18,4.35
452,8/9/2025 12:10,22.39,6.11
453,8/9/2025 13:10,22.61,6.33
454,8/9/2025 14:10,23.03,5.43
455,8/9/2025 15:10,23.55,7.62
456,8/9/2025 16:10,24.02,5.22
457,8/9/2025 17:10,24.49,4.13
458,8/9/2025 18:10,24.92,3.46
459,8/9/2025 19:10,25.18,0
460,8/9/2025 20:10,25.35,0
461,8/9/2025 21:10,25.39,0
462,8/9/2025 22:10,25.31,0
463,8/9/2025 23:10,24.97,0
464,8/10/2025 0:10,24.62,0
465,8/10/2025 1:10,24.24,0
466,8/10/2025 2:10,23.89,0
467,8/10/2025 3:10,23.59,0
468,8/10/2025 4:10,23.29,0
469,8/10/2025 5:10,23.08,0
470,8/10/2025 6:10,22.82,0
471,8/10/2025 7:10,22.65,0
472,8/10/2025 8:10,22.56,0
473,8/10/2025 9:10,22.61,1.94
474,8/10/2025 10:10,22.61,1.51
475,8/10/2025 11:10,22.61,3.27
476,8/10/2025 12:10,22.73,4.57
477,8/10/2025 13:10,23.03,4.35
478,8/10/2025 14:10,23.46,3.92
479,8/10/2025 15:10,23.94,3.02
480,8/10/2025 16:10,24.45,3.27
481,8/10/2025 17:10,24.97,2.59
482,8/10/2025 18:10,25.31,1.29
483,8/10/2025 19:10,25.61,0
484,8/10/2025 20:10,25.69,0
485,8/10/2025 21:10,25.74,0
486,8/10/2025 22:10,25.57,0
487,8/10/2025 23:10,25.22,0
488,8/11/2025 0:10,24.79,0
489,8/11/2025 1:10,24.49,0
490,8/11/2025 2:10,24.11,0
491,8/11/2025 3:10,23.81,0
492,8/11/2025 4:10,23.51,0
493,8/11/2025 5:10,23.29,0
494,8/11/2025 6:10,23.03,0
495,8/11/2025 7:10,22.86,0
496,8/11/2025 8:10,22.78,0
497,8/11/2025 9:10,22.73,3.24
498,8/11/2025 10:10,22.73,3.27
499,8/11/2025 11:10,22.82,3.7
500,8/11/2025 12:10,22.99,2.62
501,8/11/2025 13:10,23.34,3.05
502,8/11/2025 14:10,23.72,2.84
503,8/11/2025 15:10,24.24,3.05
504,8/11/2025 16:10,24.79,3.46
505,8/11/2025 17:10,25.31,1.29
506,8/11/2025 18:10,25.65,1.08
507,8/11/2025 19:10,25.91,0
508,8/11/2025 20:10,26.04,0
509,8/11/2025 21:10,26.04,0
510,8/11/2025 22:10,25.91,0
511,8/11/2025 23:10,25.69,0
512,8/12/2025 0:10,25.48,0
513,8/12/2025 1:10,25.27,0
514,8/12/2025 2:10,25.14,0
515,8/12/2025 3:10,24.88,0
516,8/12/2025 4:10,24.71,0
517,8/12/2025 5:10,24.54,0
518,8/12/2025 6:10,24.41,0
519,8/12/2025 7:10,24.24,0
520,8/12/2025 8:10,24.15,0
521,8/12/2025 9:10,24.15,1.73
522,8/12/2025 10:10,24.19,3.02
523,8/12/2025 11:10,24.28,4.13
524,8/12/2025 12:10,24.41,4.78
525,8/12/2025 13:10,24.75,5.65
526,8/12/2025 14:10,25.18,4.78
527,8/12/2025 15:10,25.61,0.86
528,8/12/2025 16:10,26.17,5
529,8/12/2025 17:10,26.51,0.64
530,8/12/2025 18:10,26.85,0.43
531,8/12/2025 19:10,26.98,0
532,8/12/2025 20:10,27.15,0
533,8/12/2025 21:10,27.07,0
534,8/12/2025 22:10,26.85,0
535,8/12/2025 23:10,26.64,0
536,8/13/2025 0:10,26.3,0
537,8/13/2025 1:10,25.61,0
538,8/13/2025 2:10,25.14,0
539,8/13/2025 3:10,24.92,0
540,8/13/2025 4:10,24.71,0
541,8/13/2025 5:10,24.49,0
542,8/13/2025 6:10,24.28,0
543,8/13/2025 7:10,24.15,0
544,8/13/2025 8:10,24.02,0
545,8/13/2025 9:10,23.98,1.73
546,8/13/2025 10:10,24.02,1.94
547,8/13/2025 11:10,24.02,5.03
548,8/13/2025 12:10,24.06,4.35
549,8/13/2025 13:10,24.28,7.19
550,8/13/2025 14:10,24.58,8.08
551,8/13/2025 15:10,25.01,8.08
552,8/13/2025 16:10,25.52,6.76
553,8/13/2025 17:10,25.95,3.94
554,8/13/2025 18:10,26.34,1.08
555,8/13/2025 19:10,26.6,0
556,8/13/2025 20:10,26.68,0
557,8/13/2025 21:10,26.68,0
558,8/13/2025 22:10,26.38,0
559,8/13/2025 23:10,25.82,0
560,8/14/2025 0:10,25.35,0
561,8/14/2025 1:10,24.92,0
562,8/14/2025 2:10,24.54,0
563,8/14/2025 3:10,24.24,0
564,8/14/2025 4:10,23.94,0
565,8/14/2025 5:10,23.68,0
566,8/14/2025 6:10,23.42,0
567,8/14/2025 7:10,23.21,0
568,8/14/2025 8:10,23.03,0
569,8/14/2025 9:10,22.99,1.51
570,8/14/2025 10:10,22.99,1.97
571,8/14/2025 11:10,23.03,2.84
572,8/14/2025 12:10,23.08,3.48
573,8/14/2025 13:10,23.38,4.16
574,8/14/2025 14:10,23.76,3.92
575,8/14/2025 15:10,24.19,3.48
576,8/14/2025 16:10,24.71,2.62
577,8/14/2025 17:10,25.05,0
578,8/14/2025 18:10,25.35,0.21
579,8/14/2025 19:10,25.48,0
580,8/14/2025 20:10,25.65,0
581,8/14/2025 21:10,25.52,0
582,8/14/2025 22:10,25.18,0
583,8/14/2025 23:10,24.62,0
584,8/15/2025 0:10,24.19,0
585,8/15/2025 1:10,23.89,0
586,8/15/2025 2:10,23.59,0
587,8/15/2025 3:10,23.38,0
588,8/15/2025 4:10,23.12,0
589,8/15/2025 5:10,22.95,0
590,8/15/2025 6:10,22.78,0
591,8/15/2025 7:10,22.65,0
592,8/15/2025 8:10,22.52,0
593,8/15/2025 9:10,22.48,0.86
594,8/15/2025 10:10,22.48,1.73
595,8/15/2025 11:10,22.52,2.38
596,8/15/2025 12:10,22.65,2.62
597,8/15/2025 13:10,22.91,3.05
598,8/15/2025 14:10,23.25,3.05
599,8/15/2025 15:10,23.68,0.43
600,8/15/2025 16:10,24.24,2.16
601,8/15/2025 17:10,24.62,1.73
602,8/15/2025 18:10,24.97,0.86
603,8/15/2025 19:10,25.22,0
604,8/15/2025 20:10,25.35,0
605,8/15/2025 21:10,25.31,0
606,8/15/2025 22:10,24.97,0
607,8/15/2025 23:10,24.62,0
608,8/16/2025 0:10,24.15,0
609,8/16/2025 1:10,23.76,0
610,8/16/2025 2:10,23.46,0
611,8/16/2025 3:10,23.16,0
612,8/16/2025 4:10,22.86,0
613,8/16/2025 5:10,22.69,0
614,8/16/2025 6:10,22.48,0
615,8/16/2025 7:10,22.35,0
616,8/16/2025 8:10,22.26,0
617,8/16/2025 9:10,22.22,1.29
618,8/16/2025 10:10,22.22,2.16
619,8/16/2025 11:10,22.31,2.62
620,8/16/2025 12:10,22.43,3.48
621,8/16/2025 13:10,22.78,3.48
622,8/16/2025 14:10,23.12,3.27
623,8/16/2025 15:10,23.64,3.48
624,8/16/2025 16:10,24.15,2.16
625,8/16/2025 17:10,24.58,1.73
626,8/16/2025 18:10,24.92,0.86
627,8/16/2025 19:10,25.18,0
628,8/16/2025 20:10,25.39,0
629,8/16/2025 21:10,25.48,0
630,8/16/2025 22:10,25.35,0
631,8/16/2025 23:10,25.18,0
632,8/17/2025 0:10,24.88,0
633,8/17/2025 1:10,24.54,0
634,8/17/2025 2:10,24.28,0
635,8/17/2025 3:10,24.06,0
636,8/17/2025 4:10,23.85,0
637,8/17/2025 5:10,23.55,0
638,8/17/2025 6:10,23.34,0
639,8/17/2025 7:10,23.25,0
640,8/17/2025 8:10,23.21,0.21
641,8/17/2025 9:10,23.16,2.59
642,8/17/2025 10:10,23.16,2.16
643,8/17/2025 11:10,23.16,5.43
644,8/17/2025 12:10,23.29,9.17
645,8/17/2025 13:10,23.51,0.86
646,8/17/2025 14:10,23.81,3.27
647,8/17/2025 15:10,24.15,5
648,8/17/2025 16:10,24.58,7.41
649,8/17/2025 17:10,24.97,1.73
650,8/17/2025 18:10,25.31,1.51
651,8/17/2025 19:10,25.35,0
652,8/17/2025 20:10,25.35,0
653,8/17/2025 21:10,24.92,0
654,8/17/2025 22:10,24.41,0
655,8/17/2025 23:10,23.94,0
656,8/18/2025 0:10,23.59,0
657,8/18/2025 1:10,23.25,0
658,8/18/2025 2:10,22.99,0
659,8/18/2025 3:10,22.73,0
660,8/18/2025 4:10,22.56,0
661,8/18/2025 5:10,22.39,0
662,8/18/2025 6:10,22.22,0
663,8/18/2025 7:10,22.01,0
664,8/18/2025 8:10,21.92,0
665,8/18/2025 9:10,21.83,1.94
666,8/18/2025 10:10,21.83,3.05
667,8/18/2025 11:10,21.79,4.35
668,8/18/2025 12:10,21.96,5.65
669,8/18/2025 13:10,22.39,6.54
670,8/18/2025 14:10,22.86,6.54
671,8/18/2025 15:10,23.51,5.65
672,8/18/2025 16:10,23.98,4.13
673,8/18/2025 17:10,24.49,0.43
674,8/18/2025 18:10,24.79,0
675,8/18/2025 19:10,24.84,0
676,8/18/2025 20:10,24.75,0
677,8/18/2025 21:10,24.19,0
678,8/18/2025 22:10,23.59,0
679,8/18/2025 23:10,23.16,0
680,8/19/2025 0:10,22.69,0
681,8/19/2025 1:10,22.39,0
682,8/19/2025 2:10,22.13,0
683,8/19/2025 3:10,21.96,0
684,8/19/2025 4:10,21.75,0
685,8/19/2025 5:10,21.58,0
686,8/19/2025 6:10,21.49,0
687,8/19/2025 7:10,21.28,0
688,8/19/2025 8:10,21.19,0
689,8/19/2025 9:10,21.06,0
690,8/19/2025 10:10,21.1,1.29
691,8/19/2025 11:10,21.06,0
692,8/19/2025 12:10,21.1,0
693,8/19/2025 13:10,21.1,0.86
694,8/19/2025 14:10,21.15,0
695,8/19/2025 15:10,21.19,0.64
696,8/19/2025 16:10,21.28,0
697,8/19/2025 17:10,21.4,0
698,8/19/2025 18:10,21.53,0
699,8/19/2025 19:10,21.58,0
700,8/19/2025 20:10,21.62,0
701,8/19/2025 21:10,21.66,0
702,8/19/2025 22:10,21.62,0
703,8/19/2025 23:10,21.66,0
704,8/20/2025 0:10,21.62,0
705,8/20/2025 1:10,21.58,0
706,8/20/2025 2:10,21.53,0
707,8/20/2025 3:10,21.4,0
708,8/20/2025 4:10,21.32,0
709,8/20/2025 5:10,21.23,0
710,8/20/2025 6:10,21.19,0
711,8/20/2025 7:10,21.1,0
712,8/20/2025 8:10,21.1,0
713,8/20/2025 9:10,21.1,0
714,8/20/2025 10:10,21.06,0.21
715,8/20/2025 11:10,21.1,1.73
716,8/20/2025 12:10,21.06,0
717,8/20/2025 13:10,21.1,0.43
718,8/20/2025 14:10,21.19,0.21
719,8/20/2025 15:10,21.28,0.21
720,8/20/2025 16:10,21.36,0
721,8/20/2025 17:10,21.45,0
722,8/20/2025 18:10,21.53,0
723,8/20/2025 19:10,21.53,0
724,8/20/2025 20:10,21.58,0
725,8/20/2025 21:10,21.49,0
726,8/20/2025 22:10,21.28,0
727,8/20/2025 23:10,21.19,0
728,8/21/2025 0:10,21.1,0
729,8/21/2025 1:10,21.06,0
730,8/21/2025 2:10,20.98,0
731,8/21/2025 3:10,20.93,0
732,8/21/2025 4:10,20.85,0
733,8/21/2025 5:10,20.8,0
734,8/21/2025 6:10,20.76,0
735,8/21/2025 7:10,20.72,0
736,8/21/2025 8:10,20.68,0
737,8/21/2025 9:10,20.68,16.82
738,8/21/2025 10:10,20.72,24.48
739,8/21/2025 11:10,20.72,45.06
740,8/21/2025 12:10,20.98,188
741,8/21/2025 13:10,21.23,187.84
742,8/21/2025 14:10,21.75,121.6
743,8/21/2025 15:10,22.31,111.88
744,8/21/2025 16:10,22.82,104.84
745,8/21/2025 17:10,23.25,62.04
746,8/21/2025 18:10,23.59,19.91
747,8/21/2025 19:10,23.68,3.02
748,8/21/2025 20:10,23.81,0
749,8/21/2025 21:10,23.72,0
750,8/21/2025 22:10,23.34,0
751,8/21/2025 23:10,22.86,0
752,8/22/2025 0:10,22.52,0
753,8/22/2025 1:10,22.18,0
754,8/22/2025 2:10,21.92,0
755,8/22/2025 3:10,21.62,0
756,8/22/2025 4:10,21.36,0
757,8/22/2025 5:10,21.15,0
758,8/22/2025 6:10,20.98,0
759,8/22/2025 7:10,20.85,1.08
760,8/22/2025 8:10,20.72,3.7
761,8/22/2025 9:10,20.72,23.61
762,8/22/2025 10:10,20.76,37.17
763,8/22/2025 11:10,20.93,15.28
764,8/22/2025 12:10,21.1,44.62
765,8/22/2025 13:10,21.49,59.02
766,8/22/2025 14:10,21.88,67.36
767,8/22/2025 15:10,22.13,14.41
768,8/22/2025 16:10,22.56,37.22
769,8/22/2025 17:10,22.99,23.64
770,8/22/2025 18:10,23.25,9.84
771,8/22/2025 19:10,23.42,0.86
772,8/22/2025 20:10,23.51,0
773,8/22/2025 21:10,23.51,0
774,8/22/2025 22:10,23.25,0
775,8/22/2025 23:10,22.78,0
776,8/23/2025 0:10,22.39,0
777,8/23/2025 1:10,22.05,0
778,8/23/2025 2:10,21.75,0
779,8/23/2025 3:10,21.53,0
780,8/23/2025 4:10,21.32,0
781,8/23/2025 5:10,21.15,0
782,8/23/2025 6:10,20.98,0
783,8/23/2025 7:10,20.89,0
784,8/23/2025 8:10,20.89,2.62
785,8/23/2025 9:10,20.85,9.38
786,8/23/2025 10:10,20.85,5.43
787,8/23/2025 11:10,20.89,12.66
788,8/23/2025 12:10,21.02,16.82
789,8/23/2025 13:10,21.15,13.55
790,8/23/2025 14:10,21.32,8.49
791,8/23/2025 15:10,21.49,4.16
792,8/23/2025 16:10,21.62,8.52
793,8/23/2025 17:10,21.79,24.02
794,8/23/2025 18:10,21.92,5.24
795,8/23/2025 19:10,21.96,1.29
796,8/23/2025 20:10,22.01,0
797,8/23/2025 21:10,21.83,0
798,8/23/2025 22:10,21.7,0
799,8/23/2025 23:10,21.53,0
800,8/24/2025 0:10,21.4,0
801,8/24/2025 1:10,21.32,0
802,8/24/2025 2:10,21.19,0
803,8/24/2025 3:10,21.15,0
804,8/24/2025 4:10,21.02,0
805,8/24/2025 5:10,20.89,0
806,8/24/2025 6:10,20.85,0
807,8/24/2025 7:10,20.76,0
808,8/24/2025 8:10,20.72,5.68
809,8/24/2025 9:10,20.76,13.12
810,8/24/2025 10:10,20.76,19.69
811,8/24/2025 11:10,20.85,8.27
812,8/24/2025 12:10,21.02,34.14
813,8/24/2025 13:10,21.28,37.65
814,8/24/2025 14:10,21.53,13.09
815,8/24/2025 15:10,21.83,7.22
816,8/24/2025 16:10,22.18,30.19
817,8/24/2025 17:10,22.39,22.94
818,8/24/2025 18:10,22.48,2.62
819,8/24/2025 19:10,22.48,0.21
820,8/24/2025 20:10,22.09,0
821,8/24/2025 21:10,21.66,0
822,8/24/2025 22:10,21.49,0
823,8/24/2025 23:10,21.36,0
824,8/25/2025 0:10,21.15,0
825,8/25/2025 1:10,20.98,0
826,8/25/2025 2:10,20.89,0
827,8/25/2025 3:10,20.72,0
828,8/25/2025 4:10,20.59,0
829,8/25/2025 5:10,20.42,0
830,8/25/2025 6:10,20.29,0
831,8/25/2025 7:10,20.16,0
832,8/25/2025 8:10,20.07,1.51
833,8/25/2025 9:10,19.99,12.25
834,8/25/2025 10:10,20.07,20.12
835,8/25/2025 11:10,20.2,8.06
836,8/25/2025 12:10,20.29,27.1
837,8/25/2025 13:10,20.55,37.22
838,8/25/2025 14:10,20.8,30.19
839,8/25/2025 15:10,21.1,28.89
840,8/25/2025 16:10,21.4,18.82
841,8/25/2025 17:10,21.66,12.25
842,8/25/2025 18:10,21.92,4.59
843,8/25/2025 19:10,22.01,0.64
844,8/25/2025 20:10,21.88,0
845,8/25/2025 21:10,21.45,0
846,8/25/2025 22:10,21.02,0
847,8/25/2025 23:10,20.72,0
848,8/26/2025 0:10,20.42,0
849,8/26/2025 1:10,20.25,0
850,8/26/2025 2:10,20.07,0
851,8/26/2025 3:10,19.99,0
852,8/26/2025 4:10,19.82,0
853,8/26/2025 5:10,19.73,0
854,8/26/2025 6:10,19.6,0
855,8/26/2025 7:10,19.43,0
856,8/26/2025 8:10,19.3,1.08
857,8/26/2025 9:10,19.26,7.22
858,8/26/2025 10:10,19.26,10.95
859,8/26/2025 11:10,19.35,14.01
860,8/26/2025 12:10,19.52,17.74
861,8/26/2025 13:10,19.73,20.15
862,8/26/2025 14:10,20.07,1.97
863,8/26/2025 15:10,20.5,17.96
864,8/26/2025 16:10,20.89,14.01
865,8/26/2025 17:10,21.19,1.97
866,8/26/2025 18:10,21.45,2.19
867,8/26/2025 19:10,21.53,0
868,8/26/2025 20:10,21.28,0
869,8/26/2025 21:10,20.72,0
870,8/26/2025 22:10,20.2,0
871,8/26/2025 23:10,19.9,0
872,8/27/2025 0:10,19.69,0
873,8/27/2025 1:10,19.47,0
874,8/27/2025 2:10,19.3,0
875,8/27/2025 3:10,19.17,0
876,8/27/2025 4:10,19.09,0
877,8/27/2025 5:10,19,0
878,8/27/2025 6:10,18.87,0
879,8/27/2025 7:10,18.83,0
880,8/27/2025 8:10,18.74,0.86
881,8/27/2025 9:10,18.74,4.81
882,8/27/2025 10:10,18.74,7.87
883,8/27/2025 11:10,18.79,10.71
884,8/27/2025 12:10,18.96,12.68
885,8/27/2025 13:10,19.22,15.09
886,8/27/2025 14:10,19.47,14.87
887,8/27/2025 15:10,19.82,14.44
888,8/27/2025 16:10,20.25,10.49
889,8/27/2025 17:10,20.59,6.79
890,8/27/2025 18:10,20.8,1.51
891,8/27/2025 19:10,21.02,0
892,8/27/2025 20:10,21.06,0
893,8/27/2025 21:10,20.55,0
894,8/27/2025 22:10,20.07,0
895,8/27/2025 23:10,19.65,0
896,8/28/2025 0:10,19.35,0
897,8/28/2025 1:10,19.05,0
898,8/28/2025 2:10,18.87,0
899,8/28/2025 3:10,18.79,0
900,8/28/2025 4:10,18.7,0
901,8/28/2025 5:10,18.57,0
902,8/28/2025 6:10,18.44,0
903,8/28/2025 7:10,18.36,0
904,8/28/2025 8:10,18.27,1.08
905,8/28/2025 9:10,18.23,4.78
906,8/28/2025 10:10,18.27,3.48
907,8/28/2025 11:10,18.32,6.33
908,8/28/2025 12:10,18.44,2.59
909,8/28/2025 13:10,18.62,3.27
910,8/28/2025 14:10,18.7,3.27
911,8/28/2025 15:10,18.87,7.65
912,8/28/2025 16:10,19.09,3.7
913,8/28/2025 17:10,19.3,0.21
914,8/28/2025 18:10,19.47,3.27
915,8/28/2025 19:10,19.52,0
916,8/28/2025 20:10,19.56,0
917,8/28/2025 21:10,19.39,0
918,8/28/2025 22:10,19.05,0
919,8/28/2025 23:10,18.7,0
920,8/29/2025 0:10,18.57,0
921,8/29/2025 1:10,18.4,0
922,8/29/2025 2:10,18.27,0
923,8/29/2025 3:10,18.23,0
924,8/29/2025 4:10,18.02,0
925,8/29/2025 5:10,17.97,0
926,8/29/2025 6:10,17.8,0
927,8/29/2025 7:10,17.63,0
928,8/29/2025 8:10,17.5,0.86
929,8/29/2025 9:10,17.46,4.78
930,8/29/2025 10:10,17.5,2.62
931,8/29/2025 11:10,17.54,5
932,8/29/2025 12:10,17.59,3.27
933,8/29/2025 13:10,17.72,4.81
934,8/29/2025 14:10,17.93,3.05
935,8/29/2025 15:10,18.1,4.57
936,8/29/2025 16:10,18.36,2.84
937,8/29/2025 17:10,18.57,2.59
938,8/29/2025 18:10,18.79,0.64
939,8/29/2025 19:10,18.87,0
940,8/29/2025 20:10,18.62,0
941,8/29/2025 21:10,18.14,0
942,8/29/2025 22:10,17.84,0
943,8/29/2025 23:10,17.63,0
944,8/30/2025 0:10,17.5,0
945,8/30/2025 1:10,17.33,0
946,8/30/2025 2:10,17.24,0
947,8/30/2025 3:10,17.11,0
948,8/30/2025 4:10,16.99,0
949,8/30/2025 5:10,16.86,0
950,8/30/2025 6:10,16.69,0
951,8/30/2025 7:10,16.6,0
952,8/30/2025 8:10,16.51,0.64
953,8/30/2025 9:10,16.51,3.48
954,8/30/2025 10:10,16.51,5.89
955,8/30/2025 11:10,16.56,7.65
956,8/30/2025 12:10,16.69,1.51
957,8/30/2025 13:10,16.94,11.36
958,8/30/2025 14:10,17.2,10.92
959,8/30/2025 15:10,17.54,11.14
960,8/30/2025 16:10,17.97,6.76
961,8/30/2025 17:10,18.36,4.13
962,8/30/2025 18:10,18.62,0.86
963,8/30/2025 19:10,18.83,0
964,8/30/2025 20:10,18.96,0
965,8/30/2025 21:10,18.92,0
966,8/30/2025 22:10,18.49,0
967,8/30/2025 23:10,18.02,0
968,8/31/2025 0:10,17.54,0
969,8/31/2025 1:10,17.2,0
970,8/31/2025 2:10,16.94,0
971,8/31/2025 3:10,16.73,0
972,8/31/2025 4:10,16.69,0
973,8/31/2025 5:10,16.51,0
974,8/31/2025 6:10,16.43,0
975,8/31/2025 7:10,16.3,0
976,8/31/2025 8:10,16.17,0.43
977,8/31/2025 9:10,16.17,3.27
978,8/31/2025 10:10,16.17,4.57
979,8/31/2025 11:10,16.21,6.35
980,8/31/2025 12:10,16.43,7.65
981,8/31/2025 13:10,16.73,8.98
982,8/31/2025 14:10,17.16,9.41
983,8/31/2025 15:10,17.63,8.52
984,8/31/2025 16:10,18.14,6.97
985,8/31/2025 17:10,18.57,4.57
986,8/31/2025 18:10,18.92,0.43
987,8/31/2025 19:10,19.22,0
988,8/31/2025 20:10,19.3,0
989,8/31/2025 21:10,19.26,0
990,8/31/2025 22:10,19,0
991,8/31/2025 23:10,18.49,0
992,9/1/2025 0:10,18.06,0
993,9/1/2025 1:10,17.63,0
994,9/1/2025 2:10,17.29,0
995,9/1/2025 3:10,17.03,0
996,9/1/2025 4:10,16.77,0
997,9/1/2025 5:10,16.56,0
998,9/1/2025 6:10,16.47,0
999,9/1/2025 7:10,16.3,0
1000,9/1/2025 8:10,16.26,0.21
1001,9/1/2025 9:10,16.21,2.4
1002,9/1/2025 10:10,16.26,3.92
1003,9/1/2025 11:10,16.26,5.46
1004,9/1/2025 12:10,16.47,6.57
1005,9/1/2025 13:10,16.77,8.3
1006,9/1/2025 14:10,17.16,8.08
1007,9/1/2025 15:10,17.67,7.65
1008,9/1/2025 16:10,18.23,6.11
1009,9/1/2025 17:10,18.66,3.7
1010,9/1/2025 18:10,19.09,0.43
1011,9/1/2025 19:10,19.35,0
1012,9/1/2025 20:10,19.43,0
1013,9/1/2025 21:10,19.43,0
1014,9/1/2025 22:10,19.22,0
1015,9/1/2025 23:10,18.79,0
1016,9/2/2025 0:10,18.32,0
1017,9/2/2025 1:10,17.93,0
1018,9/2/2025 2:10,17.59,0
1019,9/2/2025 3:10,17.29,0
1020,9/2/2025 4:10,17.07,0
1021,9/2/2025 5:10,16.81,0
1022,9/2/2025 6:10,16.6,0
1023,9/2/2025 7:10,16.47,0
1024,9/2/2025 8:10,16.39,0.21
1025,9/2/2025 9:10,16.39,2.16
1026,9/2/2025 10:10,16.47,4.57
1027,9/2/2025 11:10,16.64,8.52
1028,9/2/2025 12:10,16.81,10.28
1029,9/2/2025 13:10,17.29,13.33
1030,9/2/2025 14:10,17.63,6.11
1031,9/2/2025 15:10,18.02,12.44
1032,9/2/2025 16:10,18.49,8.73
1033,9/2/2025 17:10,18.92,6.76
1034,9/2/2025 18:10,19.26,1.08
1035,9/2/2025 19:10,19.47,0
1036,9/2/2025 20:10,19.56,0
1037,9/2/2025 21:10,19.56,0
1038,9/2/2025 22:10,19.35,0
1039,9/2/2025 23:10,18.79,0
1040,9/3/2025 0:10,18.32,0
1041,9/3/2025 1:10,17.93,0
1042,9/3/2025 2:10,17.59,0
1043,9/3/2025 3:10,17.33,0
1044,9/3/2025 4:10,17.07,0
1045,9/3/2025 5:10,16.81,0
1046,9/3/2025 6:10,16.64,0
1047,9/3/2025 7:10,16.56,0
1048,9/3/2025 8:10,16.43,0.64
1049,9/3/2025 9:10,16.43,3.05
1050,9/3/2025 10:10,16.47,6.33
1051,9/3/2025 11:10,16.51,7.87
1052,9/3/2025 12:10,16.73,13.95
1053,9/3/2025 13:10,16.99,15.5
1054,9/3/2025 14:10,17.29,15.71
1055,9/3/2025 15:10,17.67,18.12
1056,9/3/2025 16:10,18.14,16.8
1057,9/3/2025 17:10,18.53,12.2
1058,9/3/2025 18:10,18.96,2.59
1059,9/3/2025 19:10,19.26,0
1060,9/3/2025 20:10,19.52,0
1061,9/3/2025 21:10,19.6,0
1062,9/3/2025 22:10,19.6,0
1063,9/3/2025 23:10,19.39,0
1064,9/4/2025 0:10,19.22,0
1065,9/4/2025 1:10,19,0
1066,9/4/2025 2:10,18.83,0
1067,9/4/2025 3:10,18.66,0
1068,9/4/2025 4:10,18.53,0
1069,9/4/2025 5:10,18.32,0
1070,9/4/2025 6:10,18.19,0
1071,9/4/2025 7:10,17.97,0
1072,9/4/2025 8:10,17.76,0
1073,9/4/2025 9:10,17.67,0.21
1074,9/4/2025 10:10,17.54,0.64
1075,9/4/2025 11:10,17.5,2.38
1076,9/4/2025 12:10,17.54,2.84
1077,9/4/2025 13:10,17.63,8.73
1078,9/4/2025 14:10,17.84,11.14
1079,9/4/2025 15:10,18.02,11.57
1080,9/4/2025 16:10,18.27,8.08
1081,9/4/2025 17:10,18.53,6.76
1082,9/4/2025 18:10,18.79,1.73
1083,9/4/2025 19:10,19,0
1084,9/4/2025 20:10,18.96,0
1085,9/4/2025 21:10,18.49,0
1086,9/4/2025 22:10,18.1,0
1087,9/4/2025 23:10,17.76,0
1088,9/5/2025 0:10,17.59,0
1089,9/5/2025 1:10,17.33,0
1090,9/5/2025 2:10,17.29,0
1091,9/5/2025 3:10,17.16,0
1092,9/5/2025 4:10,17.03,0
1093,9/5/2025 5:10,16.94,0
1094,9/5/2025 6:10,16.86,0
1095,9/5/2025 7:10,16.69,0
1096,9/5/2025 8:10,16.64,0.64
1097,9/5/2025 9:10,16.56,5
1098,9/5/2025 10:10,16.6,4.57
1099,9/5/2025 11:10,16.64,10.46
1100,9/5/2025 12:10,16.73,14.39
1101,9/5/2025 13:10,16.94,15.06
1102,9/5/2025 14:10,17.24,2.81
1103,9/5/2025 15:10,17.5,17.9
1104,9/5/2025 16:10,17.8,10.9
1105,9/5/2025 17:10,18.02,12.2
1106,9/5/2025 18:10,18.14,1.94
1107,9/5/2025 19:10,18.14,0
1108,9/5/2025 20:10,17.89,0
1109,9/5/2025 21:10,17.8,0
1110,9/5/2025 22:10,17.63,0
1111,9/5/2025 23:10,17.5,0
1112,9/6/2025 0:10,17.41,0
1113,9/6/2025 1:10,17.33,0
1114,9/6/2025 2:10,17.2,0
1115,9/6/2025 3:10,17.16,0
1116,9/6/2025 4:10,17.16,0
1117,9/6/2025 5:10,17.03,0
1118,9/6/2025 6:10,16.94,0
1119,9/6/2025 7:10,16.86,0
1120,9/6/2025 8:10,16.81,0
1121,9/6/2025 9:10,16.69,4.57
1122,9/6/2025 10:10,16.77,1.73
1123,9/6/2025 11:10,16.77,2.59
1124,9/6/2025 12:10,16.94,7.41
1125,9/6/2025 13:10,17.16,15.93
1126,9/6/2025 14:10,17.5,3.7
1127,9/6/2025 15:10,17.76,6.3
1128,9/6/2025 16:10,18.02,4.13
1129,9/6/2025 17:10,18.19,2.38
1130,9/6/2025 18:10,18.32,1.08
1131,9/6/2025 19:10,18.27,0
1132,9/6/2025 20:10,17.89,0
1133,9/6/2025 21:10,17.67,0
1134,9/6/2025 22:10,17.54,0
1135,9/6/2025 23:10,17.37,0
1136,9/7/2025 0:10,17.24,0
1137,9/7/2025 1:10,17.11,0
1138,9/7/2025 2:10,16.99,0
1139,9/7/2025 3:10,16.86,0
1140,9/7/2025 4:10,16.73,0
1141,9/7/2025 5:10,16.64,0
1142,9/7/2025 6:10,16.56,0
1143,9/7/2025 7:10,16.34,0
1144,9/7/2025 8:10,16.26,1.51
1145,9/7/2025 9:10,16.26,3.7
1146,9/7/2025 10:10,16.3,5.87
1147,9/7/2025 11:10,16.34,7.62
1148,9/7/2025 12:10,16.56,9.6
1149,9/7/2025 13:10,16.81,10.9
1150,9/7/2025 14:10,17.24,7.19
1151,9/7/2025 15:10,17.67,11.76
1152,9/7/2025 16:10,17.97,15.71
1153,9/7/2025 17:10,18.32,7.19
1154,9/7/2025 18:10,18.53,0.86
1155,9/7/2025 19:10,18.62,0
1156,9/7/2025 20:10,18.49,0
1157,9/7/2025 21:10,18.1,0
1158,9/7/2025 22:10,17.76,0
1159,9/7/2025 23:10,17.41,0
1160,9/8/2025 0:10,17.07,0
1161,9/8/2025 1:10,16.86,0
1162,9/8/2025 2:10,16.69,0
1163,9/8/2025 3:10,16.56,0
1164,9/8/2025 4:10,16.39,0
1165,9/8/2025 5:10,16.26,0
1166,9/8/2025 6:10,16.08,0
1167,9/8/2025 7:10,15.96,0
1168,9/8/2025 8:10,15.83,0.86
1169,9/8/2025 9:10,15.83,2.84
1170,9/8/2025 10:10,15.83,2.84
1171,9/8/2025 11:10,15.87,5.46
1172,9/8/2025 12:10,16,7.62
1173,9/8/2025 13:10,16.17,4.13
1174,9/8/2025 14:10,16.47,2.59
1175,9/8/2025 15:10,16.73,0.64
1176,9/8/2025 16:10,17.07,10.25
1177,9/8/2025 17:10,17.37,6.33
1178,9/8/2025 18:10,17.5,1.08
1179,9/8/2025 19:10,17.67,0
1180,9/8/2025 20:10,17.72,0
1181,9/8/2025 21:10,17.5,0
1182,9/8/2025 22:10,17.07,0
1183,9/8/2025 23:10,16.64,0
1184,9/9/2025 0:10,16.3,0
1185,9/9/2025 1:10,16.08,0
1186,9/9/2025 2:10,15.91,0
1187,9/9/2025 3:10,15.83,0
1188,9/9/2025 4:10,15.74,0
1189,9/9/2025 5:10,15.57,0
1190,9/9/2025 6:10,15.44,0
1191,9/9/2025 7:10,15.36,0
1192,9/9/2025 8:10,15.27,0.64
1193,9/9/2025 9:10,15.23,2.59
1194,9/9/2025 10:10,15.23,3.27
1195,9/9/2025 11:10,15.31,4.78
1196,9/9/2025 12:10,15.4,8.3
1197,9/9/2025 13:10,15.66,6.76
1198,9/9/2025 14:10,15.96,8.73
1199,9/9/2025 15:10,16.34,6.54
1200,9/9/2025 16:10,16.73,5.22
1201,9/9/2025 17:10,17.07,2.38
1202,9/9/2025 18:10,17.46,0.43
1203,9/9/2025 19:10,17.54,0
1204,9/9/2025 20:10,17.63,0
1205,9/9/2025 21:10,17.67,0
1206,9/9/2025 22:10,17.5,0
1207,9/9/2025 23:10,17.11,0
1208,9/10/2025 0:10,16.69,0
1209,9/10/2025 1:10,16.3,0
1210,9/10/2025 2:10,16,0
1211,9/10/2025 3:10,15.78,0
1212,9/10/2025 4:10,15.66,0
1213,9/10/2025 5:10,15.48,0
1214,9/10/2025 6:10,15.4,0
1215,9/10/2025 7:10,15.31,0
1216,9/10/2025 8:10,15.27,0.43
1217,9/10/2025 9:10,15.23,1.73
1218,9/10/2025 10:10,15.27,3.27
1219,9/10/2025 11:10,15.27,5.46
1220,9/10/2025 12:10,15.44,7.87
1221,9/10/2025 13:10,15.7,7.22
1222,9/10/2025 14:10,16.08,6.11
1223,9/10/2025 15:10,16.43,3.24
1224,9/10/2025 16:10,16.86,7.41
1225,9/10/2025 17:10,17.2,7.6
1226,9/10/2025 18:10,17.5,0.64
1227,9/10/2025 19:10,17.63,0
1228,9/10/2025 20:10,17.8,0
1229,9/10/2025 21:10,17.97,0
1230,9/10/2025 22:10,17.97,0
1231,9/10/2025 23:10,17.89,0
1232,9/11/2025 0:10,17.76,0
1233,9/11/2025 1:10,17.59,0
1234,9/11/2025 2:10,17.33,0
1235,9/11/2025 3:10,16.94,0
1236,9/11/2025 4:10,16.64,0
1237,9/11/2025 5:10,16.34,0
1238,9/11/2025 6:10,16.13,0
1239,9/11/2025 7:10,15.83,0
1240,9/11/2025 8:10,15.74,0.86
1241,9/11/2025 9:10,15.66,3.48
1242,9/11/2025 10:10,15.7,5.22
1243,9/11/2025 11:10,15.78,5.22
1244,9/11/2025 12:10,16.69,5034.24
1245,9/11/2025 13:10,17.59,13885.44
1246,9/11/2025 14:10,18.4,15006.72
1247,9/11/2025 15:10,21.4,2581.12
1248,9/11/2025 16:10,25.14,982.4
1249,9/11/2025 17:10,20.5,286.32
1250,9/11/2025 18:10,24.02,1.29
1251,9/11/2025 19:10,26.64,0
1252,9/11/2025 20:10,27.45,0
1253,9/11/2025 21:10,27.24,0
1254,9/11/2025 22:10,25.05,0
1255,9/11/2025 23:10,24.32,0
1256,9/12/2025 0:10,23.89,0
1257,9/12/2025 1:10,23.76,0
1258,9/12/2025 2:10,23.81,0
1259,9/12/2025 3:10,23.68,0
1260,9/12/2025 4:10,23.46,0
1261,9/12/2025 5:10,23.38,0
1262,9/12/2025 6:10,23.16,0
1263,9/12/2025 7:10,23.03,0
1264,9/12/2025 8:10,22.95,0
1265,9/12/2025 9:10,23.34,0
1266,9/12/2025 10:10,23.81,0
1267,9/12/2025 11:10,24.45,0
1268,9/12/2025 12:10,35.52,3.02
1269,9/12/2025 13:10,31.83,4.78
1270,9/12/2025 14:10,28.05,3.67
1271,9/12/2025 15:10,26.38,7.16
1272,9/12/2025 16:10,25.48,2.16
1273,9/12/2025 17:10,25.09,6.51
1274,9/12/2025 18:10,25.01,1.29
1275,9/12/2025 19:10,25.01,0
1276,9/12/2025 20:10,24.54,0
1277,9/12/2025 21:10,23.98,0
1278,9/12/2025 22:10,23.46,0
1279,9/12/2025 23:10,23.25,0
1280,9/13/2025 0:10,33.37,0
1281,9/13/2025 1:10,29.6,0
1282,9/13/2025 2:10,26.34,0
1283,9/13/2025 3:10,24.28,0
1284,9/13/2025 4:10,23.21,0
1285,9/13/2025 5:10,22.52,0
1286,9/13/2025 6:10,22.22,0
1287,9/13/2025 7:10,21.96,0
1288,9/13/2025 8:10,21.88,0
1289,9/13/2025 9:10,21.92,0.43
1290,9/13/2025 10:10,21.96,1.29
1291,9/13/2025 11:10,22.05,2.59
1292,9/13/2025 12:10,22.09,3.24
1293,9/13/2025 13:10,22.05,2.59
1294,9/13/2025 14:10,22.01,3.7
1295,9/13/2025 15:10,21.92,3.02
1296,9/13/2025 16:10,21.88,6.08
1297,9/13/2025 17:10,21.79,4.78
1298,9/13/2025 18:10,34.45,6.08
1299,9/13/2025 19:10,21.58,7.81
1300,9/13/2025 20:10,20.55,0
1301,9/13/2025 21:10,20.12,0
1302,9/13/2025 22:10,20.2,0
1303,9/13/2025 23:10,21.28,0
1304,9/14/2025 0:10,21.45,0
1305,9/14/2025 1:10,20.72,0
1306,9/14/2025 2:10,21.32,0
1307,9/14/2025 3:10,22.05,16.71
1308,9/14/2025 4:10,22.82,0
1309,9/14/2025 5:10,22.39,0
1310,9/14/2025 6:10,22.22,0
1311,9/14/2025 7:10,22.13,0.21
1312,9/14/2025 8:10,22.01,3.89
1313,9/14/2025 9:10,22.01,7.81
1314,9/14/2025 10:10,22.18,4.57
1315,9/14/2025 11:10,22.86,6.08
1316,9/14/2025 12:10,23.42,15.88
1317,9/14/2025 13:10,23.59,20.42
1318,9/14/2025 14:10,22.39,19.8
1319,9/14/2025 15:10,21.7,9.79
1320,9/14/2025 16:10,23.51,463.52
