#,Date_Time_EDT,Temp_C,Light_lux
1,7/21/2025 17:33,24.62,445.28
2,7/21/2025 18:33,22.31,3.96
3,7/21/2025 19:33,21.83,1.38
4,7/21/2025 20:33,21.79,0
5,7/21/2025 21:33,21.58,0
6,7/21/2025 22:33,21.28,0
7,7/21/2025 23:33,21.36,0.39
8,7/22/2025 0:33,21.15,0.19
9,7/22/2025 1:33,21.02,0
10,7/22/2025 2:33,20.98,0
11,7/22/2025 3:33,21.06,0
12,7/22/2025 4:33,21.23,0
13,7/22/2025 5:33,21.28,0
14,7/22/2025 6:33,21.32,0
15,7/22/2025 7:33,21.36,0
16,7/22/2025 8:33,20.89,86.68
17,7/22/2025 9:33,23.34,53.28
18,7/22/2025 10:33,24.75,3.17
19,7/22/2025 11:33,20.29,5.34
20,7/22/2025 12:33,20.25,6.14
21,7/22/2025 13:33,20.8,20.3
22,7/22/2025 14:33,21.23,17.68
23,7/22/2025 15:33,21.36,13.29
24,7/22/2025 16:33,21.62,13.69
25,7/22/2025 17:33,21.88,0.79
26,7/22/2025 18:33,21.62,0
27,7/22/2025 19:33,21.28,0.19
28,7/22/2025 20:33,20.93,0
29,7/22/2025 21:33,19.56,0
30,7/22/2025 22:33,18.53,0
31,7/22/2025 23:33,17.76,0
32,7/23/2025 0:33,17.07,0
33,7/23/2025 1:33,16.39,0
34,7/23/2025 2:33,15.96,0
35,7/23/2025 3:33,15.78,0
36,7/23/2025 4:33,15.7,0
37,7/23/2025 5:33,16.26,0
38,7/23/2025 6:33,16.21,0
39,7/23/2025 7:33,16.73,0.59
40,7/23/2025 8:33,17.59,0.59
41,7/23/2025 9:33,18.49,0.59
42,7/23/2025 10:33,19.39,0.39
43,7/23/2025 11:33,19.9,0.19
44,7/23/2025 12:33,19.86,0
45,7/23/2025 13:33,24.84,0.79
46,7/23/2025 14:33,23.72,0.19
47,7/23/2025 15:33,28.14,18.47
48,7/23/2025 16:33,27.07,23.57
49,7/23/2025 17:33,26.38,95.48
50,7/23/2025 18:33,25.87,0
51,7/23/2025 19:33,21.96,0
52,7/23/2025 20:33,21.15,0
53,7/23/2025 21:33,20.37,0
54,7/23/2025 22:33,19.56,0
55,7/23/2025 23:33,19.26,0
56,7/24/2025 0:33,19.17,0
57,7/24/2025 1:33,19,0
58,7/24/2025 2:33,18.7,0
59,7/24/2025 3:33,18.36,0
60,7/24/2025 4:33,18.19,0
61,7/24/2025 5:33,18.4,0
62,7/24/2025 6:33,18.87,0
63,7/24/2025 7:33,19.05,0
64,7/24/2025 8:33,19.43,0
65,7/24/2025 9:33,20.25,0
66,7/24/2025 10:33,21.32,0
67,7/24/2025 11:33,21.88,0
68,7/24/2025 12:33,22.39,0
69,7/24/2025 13:33,23.03,0
70,7/24/2025 14:33,36.51,3603.2
71,7/24/2025 15:33,41.1,74117.12
72,7/24/2025 16:33,41.18,70307.84
73,7/24/2025 17:33,38.61,55480.32
74,7/24/2025 18:33,30.03,12390.4
75,7/24/2025 19:33,28.44,6656
76,7/24/2025 20:33,26.72,195.28
77,7/24/2025 21:33,24.02,0
78,7/24/2025 22:33,24.19,0
79,7/24/2025 23:33,24.32,0
80,7/25/2025 0:33,24.06,0
81,7/25/2025 1:33,24.06,0
82,7/25/2025 2:33,23.94,0
83,7/25/2025 3:33,23.68,0
84,7/25/2025 4:33,23.42,0
85,7/25/2025 5:33,23.34,0.59
86,7/25/2025 6:33,23.68,1059.52
87,7/25/2025 7:33,24.54,4592.64
88,7/25/2025 8:33,26.9,17008.64
89,7/25/2025 9:33,34.32,38727.68
90,7/25/2025 10:33,37.23,36014.08
91,7/25/2025 11:33,40.84,82595.84
92,7/25/2025 12:33,39.04,36864
93,7/25/2025 13:33,38.09,42557.44
94,7/25/2025 14:33,37.19,43970.56
95,7/25/2025 15:33,36.76,41902.08
96,7/25/2025 16:33,34.02,25200.64
97,7/25/2025 17:33,32.04,19630.08
98,7/25/2025 18:33,32.73,27299.84
99,7/25/2025 19:33,27.15,3929.6
100,7/25/2025 20:33,25.27,609.76
101,7/25/2025 21:33,23.98,0.19
102,7/25/2025 22:33,23.72,0
103,7/25/2025 23:33,23.29,0
104,7/26/2025 0:33,23.03,0
105,7/26/2025 1:33,22.69,0
106,7/26/2025 2:33,22.56,0
107,7/26/2025 3:33,22.48,0
108,7/26/2025 4:33,22.43,0
109,7/26/2025 5:33,22.78,0.19
110,7/26/2025 6:33,22.99,1392
111,7/26/2025 7:33,23.46,4785.92
112,7/26/2025 8:33,25.31,13685.76
113,7/26/2025 9:33,29.47,30781.44
114,7/26/2025 10:33,28.65,10818.56
115,7/26/2025 11:33,37.23,78376.96
116,7/26/2025 12:33,33.03,31825.92
117,7/26/2025 13:33,30.2,17520.64
118,7/26/2025 14:33,29.9,17832.96
119,7/26/2025 15:33,30.07,29347.84
120,7/26/2025 16:33,27.37,7905.28
121,7/26/2025 17:33,28.23,13066.24
122,7/26/2025 18:33,27.28,5524.48
123,7/26/2025 19:33,25.65,1504
124,7/26/2025 20:33,25.22,606.56
125,7/26/2025 21:33,24.71,0.39
126,7/26/2025 22:33,24.32,0
127,7/26/2025 23:33,24.19,0
128,7/27/2025 0:33,24.19,0
129,7/27/2025 1:33,24.11,0
130,7/27/2025 2:33,23.72,0
131,7/27/2025 3:33,23.25,0
132,7/27/2025 4:33,23.21,0
133,7/27/2025 5:33,23.38,0.39
134,7/27/2025 6:33,23.64,915.2
135,7/27/2025 7:33,23.59,3701.76
136,7/27/2025 8:33,25.69,10736.64
137,7/27/2025 9:33,30.93,44666.88
138,7/27/2025 10:33,35.99,62197.76
139,7/27/2025 11:33,40.62,68915.2
140,7/27/2025 12:33,42.9,78397.44
141,7/27/2025 13:33,44.53,83394.56
142,7/27/2025 14:33,45.6,80936.96
143,7/27/2025 15:33,44.06,77004.8
144,7/27/2025 16:33,41.48,67768.32
145,7/27/2025 17:33,38.74,53698.56
146,7/27/2025 18:33,35.73,37263.36
147,7/27/2025 19:33,28.57,3143.68
148,7/27/2025 20:33,26.77,844.8
149,7/27/2025 21:33,25.31,0
150,7/27/2025 22:33,24.49,0
151,7/27/2025 23:33,24.02,0
152,7/28/2025 0:33,23.21,0
153,7/28/2025 1:33,22.86,0
154,7/28/2025 2:33,22.73,0
155,7/28/2025 3:33,22.26,0
156,7/28/2025 4:33,21.88,0
157,7/28/2025 5:33,21.7,0
158,7/28/2025 6:33,21.62,1000.64
159,7/28/2025 7:33,22.31,3409.92
160,7/28/2025 8:33,23.29,5335.04
161,7/28/2025 9:33,31.7,35706.88
162,7/28/2025 10:33,35.86,51445.76
163,7/28/2025 11:33,40.19,64921.6
164,7/28/2025 12:33,42.73,75038.72
165,7/28/2025 13:33,44.01,78786.56
166,7/28/2025 14:33,44.74,78991.36
167,7/28/2025 15:33,44.01,74035.2
168,7/28/2025 16:33,33.63,16619.52
169,7/28/2025 17:33,28.65,2328.32
170,7/28/2025 18:33,28.05,3153.92
171,7/28/2025 19:33,28.23,4148.48
172,7/28/2025 20:33,25.91,777.92
173,7/28/2025 21:33,24.92,0
174,7/28/2025 22:33,24.36,0
175,7/28/2025 23:33,23.98,0
176,7/29/2025 0:33,23.64,0
177,7/29/2025 1:33,23.38,0
178,7/29/2025 2:33,22.86,0
179,7/29/2025 3:33,22.73,0
180,7/29/2025 4:33,22.52,0
181,7/29/2025 5:33,22.26,0
182,7/29/2025 6:33,22.43,913.6
183,7/29/2025 7:33,23.12,3429.12
184,7/29/2025 8:33,24.02,6763.52
185,7/29/2025 9:33,31.1,30842.88
186,7/29/2025 10:33,34.4,38328.32
187,7/29/2025 11:33,38.09,51363.84
188,7/29/2025 12:33,42.04,73359.36
189,7/29/2025 13:33,44.4,74403.84
190,7/29/2025 14:33,44.27,73605.12
191,7/29/2025 15:33,42.21,68157.44
192,7/29/2025 16:33,41.01,57835.52
193,7/29/2025 17:33,36.59,41861.12
194,7/29/2025 18:33,33.72,24186.88
195,7/29/2025 19:33,28.44,3381.76
196,7/29/2025 20:33,26.81,528.48
197,7/29/2025 21:33,25.31,0
198,7/29/2025 22:33,24.28,0
199,7/29/2025 23:33,23.89,0
200,7/30/2025 0:33,23.42,0
201,7/30/2025 1:33,22.78,0
202,7/30/2025 2:33,22.56,0
203,7/30/2025 3:33,22.22,0
204,7/30/2025 4:33,22.05,0
205,7/30/2025 5:33,21.96,0
206,7/30/2025 6:33,22.18,1259.84
207,7/30/2025 7:33,22.78,4000
208,7/30/2025 8:33,24.49,10654.72
209,7/30/2025 9:33,29.9,29399.04
210,7/30/2025 10:33,32.04,34201.6
211,7/30/2025 11:33,32.73,22384.64
212,7/30/2025 12:33,36.29,49868.8
213,7/30/2025 13:33,29.73,4459.52
214,7/30/2025 14:33,37.19,35686.4
215,7/30/2025 15:33,33.42,15503.36
216,7/30/2025 16:33,34.15,31795.2
217,7/30/2025 17:33,35.18,18314.24
218,7/30/2025 18:33,32.3,10403.84
219,7/30/2025 19:33,28.35,1738.24
220,7/30/2025 20:33,25.87,246.64
221,7/30/2025 21:33,24.11,0
222,7/30/2025 22:33,24.02,0
223,7/30/2025 23:33,23.51,0
224,7/31/2025 0:33,23.08,0
225,7/31/2025 1:33,22.78,0
226,7/31/2025 2:33,22.05,0
227,7/31/2025 3:33,21.88,0
228,7/31/2025 4:33,21.88,0
229,7/31/2025 5:33,21.58,0
230,7/31/2025 6:33,21.75,27.09
231,7/31/2025 7:33,21.92,339.04
232,7/31/2025 8:33,21.92,318.32
233,7/31/2025 9:33,22.31,865.28
234,7/31/2025 10:33,22.26,1106.88
235,7/31/2025 11:33,22.52,1199.04
236,7/31/2025 12:33,24.28,2486.4
237,7/31/2025 13:33,26.51,3523.84
238,7/31/2025 14:33,32,4972.8
239,7/31/2025 15:33,31.23,3590.4
240,7/31/2025 16:33,32.64,7226.88
241,7/31/2025 17:33,30.24,4773.12
242,7/31/2025 18:33,27.8,2868.48
243,7/31/2025 19:33,23.64,526.08
244,7/31/2025 20:33,22.26,77.46
245,7/31/2025 21:33,21.4,0
246,7/31/2025 22:33,20.93,0
247,7/31/2025 23:33,20.76,0
248,8/1/2025 0:33,20.63,0
249,8/1/2025 1:33,20.37,0
250,8/1/2025 2:33,20.16,0
251,8/1/2025 3:33,19.86,0
252,8/1/2025 4:33,19.73,0
253,8/1/2025 5:33,19.47,0
254,8/1/2025 6:33,19.56,159.68
255,8/1/2025 7:33,19.9,634.24
256,8/1/2025 8:33,20.76,1097.6
257,8/1/2025 9:33,25.52,3543.04
258,8/1/2025 10:33,29.08,4807.68
259,8/1/2025 11:33,31.44,9605.12
260,8/1/2025 12:33,26.98,2588.16
261,8/1/2025 13:33,27.2,3622.4
262,8/1/2025 14:33,29.43,5045.76
263,8/1/2025 15:33,27.37,2745.6
264,8/1/2025 16:33,28.4,10460.16
265,8/1/2025 17:33,28.83,6072.32
266,8/1/2025 18:33,26.77,2741.76
267,8/1/2025 19:33,22.82,434.56
268,8/1/2025 20:33,21.7,70.22
269,8/1/2025 21:33,20.76,0
270,8/1/2025 22:33,20.2,0
271,8/1/2025 23:33,19.73,0
272,8/2/2025 0:33,19.43,0
273,8/2/2025 1:33,19.22,0
274,8/2/2025 2:33,19.09,0.19
275,8/2/2025 3:33,18.87,0
276,8/2/2025 4:33,18.79,0
277,8/2/2025 5:33,18.66,0
278,8/2/2025 6:33,18.57,70.32
279,8/2/2025 7:33,18.87,439.36
280,8/2/2025 8:33,19.69,716.16
281,8/2/2025 9:33,24.97,2483.2
282,8/2/2025 10:33,27.93,3688.96
283,8/2/2025 11:33,30.16,5358.08
284,8/2/2025 12:33,32.39,7961.6
285,8/2/2025 13:33,33.29,10478.08
286,8/2/2025 14:33,34.19,9059.84
287,8/2/2025 15:33,33.93,6461.44
288,8/2/2025 16:33,32.04,4275.2
289,8/2/2025 17:33,30.59,2164.48
290,8/2/2025 18:33,26.98,893.76
291,8/2/2025 19:33,23.64,285.44
292,8/2/2025 20:33,22.39,45.56
293,8/2/2025 21:33,21.75,0
294,8/2/2025 22:33,21.19,0
295,8/2/2025 23:33,20.59,0
296,8/3/2025 0:33,20.25,0
297,8/3/2025 1:33,19.95,0
298,8/3/2025 2:33,19.6,0
299,8/3/2025 3:33,19.26,0
300,8/3/2025 4:33,19,0
301,8/3/2025 5:33,19.05,0
302,8/3/2025 6:33,18.96,36.8
303,8/3/2025 7:33,19.26,220.24
304,8/3/2025 8:33,20.12,489.28
305,8/3/2025 9:33,23.38,1186.88
306,8/3/2025 10:33,26.42,1914.24
307,8/3/2025 11:33,29.43,2418.56
308,8/3/2025 12:33,31.19,2696.96
309,8/3/2025 13:33,32.3,3075.84
310,8/3/2025 14:33,32.43,2836.48
311,8/3/2025 15:33,32.47,2442.24
312,8/3/2025 16:33,31.31,1770.24
313,8/3/2025 17:33,29.21,1126.72
314,8/3/2025 18:33,26.64,494.4
315,8/3/2025 19:33,24.32,176.16
316,8/3/2025 20:33,23.03,18.32
317,8/3/2025 21:33,22.22,0
318,8/3/2025 22:33,21.58,0
319,8/3/2025 23:33,21.06,0
320,8/4/2025 0:33,20.72,0
321,8/4/2025 1:33,20.37,0
322,8/4/2025 2:33,20.12,0
323,8/4/2025 3:33,19.86,0
324,8/4/2025 4:33,19.65,0
325,8/4/2025 5:33,19.35,0
326,8/4/2025 6:33,19.26,25.16
327,8/4/2025 7:33,19.56,195.52
328,8/4/2025 8:33,20.42,442.88
329,8/4/2025 9:33,23.16,955.52
330,8/4/2025 10:33,25.95,1445.76
331,8/4/2025 11:33,29.17,1996.8
332,8/4/2025 12:33,30.76,2359.68
333,8/4/2025 13:33,31.83,2362.88
334,8/4/2025 14:33,32.39,2355.2
335,8/4/2025 15:33,30.71,1465.6
336,8/4/2025 16:33,30.33,1278.08
337,8/4/2025 17:33,29.26,827.2
338,8/4/2025 18:33,27.67,423.04
339,8/4/2025 19:33,25.61,149.16
340,8/4/2025 20:33,24.24,9.18
341,8/4/2025 21:33,23.34,0
342,8/4/2025 22:33,22.73,0
343,8/4/2025 23:33,22.26,0
344,8/5/2025 0:33,21.62,0
345,8/5/2025 1:33,21.1,0
346,8/5/2025 2:33,20.8,0
347,8/5/2025 3:33,20.5,0
348,8/5/2025 4:33,20.25,0
349,8/5/2025 5:33,19.86,0
350,8/5/2025 6:33,19.69,10.92
351,8/5/2025 7:33,20.07,123
352,8/5/2025 8:33,20.68,216.08
353,8/5/2025 9:33,24.41,677.12
354,8/5/2025 10:33,28.05,908.8
355,8/5/2025 11:33,30.59,1381.12
356,8/5/2025 12:33,31.06,1260.8
357,8/5/2025 13:33,32.09,1005.44
358,8/5/2025 14:33,32.9,1406.08
359,8/5/2025 15:33,33.55,1336.32
360,8/5/2025 16:33,31.74,1068.16
361,8/5/2025 17:33,30.59,713.92
362,8/5/2025 18:33,28.44,285.28
363,8/5/2025 19:33,25.69,53.24
364,8/5/2025 20:33,24.49,5
365,8/5/2025 21:33,23.68,0.19
366,8/5/2025 22:33,23.25,0
367,8/5/2025 23:33,22.78,0
368,8/6/2025 0:33,22.39,0
369,8/6/2025 1:33,21.66,0
370,8/6/2025 2:33,21.45,0
371,8/6/2025 3:33,21.23,0
372,8/6/2025 4:33,20.98,0
373,8/6/2025 5:33,20.85,0
374,8/6/2025 6:33,20.63,6.93
375,8/6/2025 7:33,20.89,28.53
376,8/6/2025 8:33,21.7,100.24
377,8/6/2025 9:33,24.88,274.8
378,8/6/2025 10:33,27.93,835.2
379,8/6/2025 11:33,28.23,280.08
380,8/6/2025 12:33,31.27,1229.76
381,8/6/2025 13:33,32.73,1407.36
382,8/6/2025 14:33,33.33,1477.12
383,8/6/2025 15:33,31.19,1023.68
384,8/6/2025 16:33,31.1,638.24
385,8/6/2025 17:33,30.16,350.24
386,8/6/2025 18:33,27.32,128.76
387,8/6/2025 19:33,25.01,30.46
388,8/6/2025 20:33,23.94,2.79
389,8/6/2025 21:33,23.08,0
390,8/6/2025 22:33,22.52,0
391,8/6/2025 23:33,21.96,0
392,8/7/2025 0:33,21.62,0
393,8/7/2025 1:33,21.28,0
394,8/7/2025 2:33,21.1,0
395,8/7/2025 3:33,20.8,0
396,8/7/2025 4:33,20.42,0
397,8/7/2025 5:33,20.37,0
398,8/7/2025 6:33,20.07,6.14
399,8/7/2025 7:33,20.37,34.07
400,8/7/2025 8:33,20.8,62.7
401,8/7/2025 9:33,24.15,335.2
402,8/7/2025 10:33,26.81,479.04
403,8/7/2025 11:33,29.3,755.84
404,8/7/2025 12:33,31.57,853.44
405,8/7/2025 13:33,33.12,1004.8
406,8/7/2025 14:33,33.8,697.28
407,8/7/2025 15:33,33.2,516.64
408,8/7/2025 16:33,31.57,356.16
409,8/7/2025 17:33,30.54,220.48
410,8/7/2025 18:33,28.14,81.82
411,8/7/2025 19:33,25.52,18.82
412,8/7/2025 20:33,24.49,1.98
413,8/7/2025 21:33,23.51,0
414,8/7/2025 22:33,22.95,0
415,8/7/2025 23:33,22.31,0
416,8/8/2025 0:33,21.96,0
417,8/8/2025 1:33,21.62,0
418,8/8/2025 2:33,21.23,0
419,8/8/2025 3:33,21.15,0
420,8/8/2025 4:33,21.02,0
421,8/8/2025 5:33,20.8,0
422,8/8/2025 6:33,20.93,7.75
423,8/8/2025 7:33,21.1,30.21
424,8/8/2025 8:33,21.4,47.5
425,8/8/2025 9:33,22.86,92.72
426,8/8/2025 10:33,25.61,296.32
427,8/8/2025 11:33,29.34,513.92
428,8/8/2025 12:33,31.92,585.92
429,8/8/2025 13:33,32.86,810.56
430,8/8/2025 14:33,31.27,638.24
431,8/8/2025 15:33,32,377.6
432,8/8/2025 16:33,30.84,210
433,8/8/2025 17:33,30.24,181.52
434,8/8/2025 18:33,28.14,57.34
435,8/8/2025 19:33,26.25,13.91
436,8/8/2025 20:33,25.35,1.38
437,8/8/2025 21:33,24.24,0
438,8/8/2025 22:33,23.68,0
439,8/8/2025 23:33,23.08,0
440,8/9/2025 0:33,22.82,0
441,8/9/2025 1:33,22.48,0
442,8/9/2025 2:33,22.13,0
443,8/9/2025 3:33,21.83,0
444,8/9/2025 4:33,21.53,0
445,8/9/2025 5:33,21.36,0
446,8/9/2025 6:33,21.1,2.77
447,8/9/2025 7:33,21.45,17.18
448,8/9/2025 8:33,22.05,34.57
449,8/9/2025 9:33,25.69,166.8
450,8/9/2025 10:33,28.14,300.32
451,8/9/2025 11:33,30.97,370.4
452,8/9/2025 12:33,32.52,573.76
453,8/9/2025 13:33,33.72,726.72
454,8/9/2025 14:33,32.99,407.68
455,8/9/2025 15:33,33.46,286.24
456,8/9/2025 16:33,33.03,214.32
457,8/9/2025 17:33,31.36,121.52
458,8/9/2025 18:33,29.38,68.14
459,8/9/2025 19:33,26.81,10.79
460,8/9/2025 20:33,25.82,0.79
461,8/9/2025 21:33,24.84,0
462,8/9/2025 22:33,24.15,0
463,8/9/2025 23:33,23.68,0
464,8/10/2025 0:33,23.25,0
465,8/10/2025 1:33,22.86,0
466,8/10/2025 2:33,22.56,0
467,8/10/2025 3:33,22.35,0
468,8/10/2025 4:33,22.09,0
469,8/10/2025 5:33,21.88,0
470,8/10/2025 6:33,21.75,1.78
471,8/10/2025 7:33,22.01,17.38
472,8/10/2025 8:33,22.48,25.7
473,8/10/2025 9:33,25.99,109.68
474,8/10/2025 10:33,28.01,193.6
475,8/10/2025 11:33,30.89,236.88
476,8/10/2025 12:33,32.34,317.36
477,8/10/2025 13:33,33.85,321.68
478,8/10/2025 14:33,34.15,303.12
479,8/10/2025 15:33,33.89,262.64
480,8/10/2025 16:33,33.12,108.24
481,8/10/2025 17:33,31.61,101.16
482,8/10/2025 18:33,29.64,54.28
483,8/10/2025 19:33,26.98,15.65
484,8/10/2025 20:33,25.95,0.79
485,8/10/2025 21:33,25.22,0
486,8/10/2025 22:33,24.49,0
487,8/10/2025 23:33,23.89,0
488,8/11/2025 0:33,23.46,0
489,8/11/2025 1:33,23.12,0
490,8/11/2025 2:33,22.78,0
491,8/11/2025 3:33,22.43,0
492,8/11/2025 4:33,22.18,0
493,8/11/2025 5:33,22.05,0
494,8/11/2025 6:33,21.83,1.58
495,8/11/2025 7:33,22.18,12.35
496,8/11/2025 8:33,22.65,21.69
497,8/11/2025 9:33,26.3,127.96
498,8/11/2025 10:33,29.3,174.08
499,8/11/2025 11:33,31.61,202.64
500,8/11/2025 12:33,33.33,237.28
501,8/11/2025 13:33,34.27,413.6
502,8/11/2025 14:33,34.32,290
503,8/11/2025 15:33,34.15,249.6
504,8/11/2025 16:33,33.33,187.52
505,8/11/2025 17:33,32.09,111.96
506,8/11/2025 18:33,29.98,58.34
507,8/11/2025 19:33,27.2,5.15
508,8/11/2025 20:33,26.3,0.19
509,8/11/2025 21:33,25.65,0
510,8/11/2025 22:33,25.35,0
511,8/11/2025 23:33,25.09,0
512,8/12/2025 0:33,24.92,0.19
513,8/12/2025 1:33,24.79,0
514,8/12/2025 2:33,24.54,0
515,8/12/2025 3:33,24.28,0
516,8/12/2025 4:33,24.28,0
517,8/12/2025 5:33,24.06,0
518,8/12/2025 6:33,23.72,0.79
519,8/12/2025 7:33,23.81,7.2
520,8/12/2025 8:33,24.11,17.68
521,8/12/2025 9:33,27.32,84.64
522,8/12/2025 10:33,29.6,125.6
523,8/12/2025 11:33,32.69,176.56
524,8/12/2025 12:33,34.4,187.92
525,8/12/2025 13:33,35.35,184.72
526,8/12/2025 14:33,34.4,198.32
527,8/12/2025 15:33,30.54,67.94
528,8/12/2025 16:33,33.42,103.52
529,8/12/2025 17:33,30.97,80.78
530,8/12/2025 18:33,30.41,46.26
531,8/12/2025 19:33,28.31,2.77
532,8/12/2025 20:33,27.32,0
533,8/12/2025 21:33,26.55,0
534,8/12/2025 22:33,26.21,0
535,8/12/2025 23:33,25.82,0
536,8/13/2025 0:33,25.18,0
537,8/13/2025 1:33,24.24,0
538,8/13/2025 2:33,24.11,0
539,8/13/2025 3:33,23.89,0
540,8/13/2025 4:33,23.64,0
541,8/13/2025 5:33,23.29,0
542,8/13/2025 6:33,23.38,0
543,8/13/2025 7:33,23.46,2.6
544,8/13/2025 8:33,23.76,5.64
545,8/13/2025 9:33,25.05,12.87
546,8/13/2025 10:33,26.64,17.43
547,8/13/2025 11:33,29.38,40.66
548,8/13/2025 12:33,31.19,22.68
549,8/13/2025 13:33,34.75,43.88
550,8/13/2025 14:33,35.82,61.02
551,8/13/2025 15:33,34.36,57.64
552,8/13/2025 16:33,34.4,40.66
553,8/13/2025 17:33,33.03,32.14
554,8/13/2025 18:33,29.94,5.2
555,8/13/2025 19:33,27.45,1.98
556,8/13/2025 20:33,26.3,0
557,8/13/2025 21:33,25.39,0
558,8/13/2025 22:33,24.66,0
559,8/13/2025 23:33,24.11,0
560,8/14/2025 0:33,23.59,0
561,8/14/2025 1:33,23.21,0
562,8/14/2025 2:33,22.78,0
563,8/14/2025 3:33,22.48,0
564,8/14/2025 4:33,22.09,0
565,8/14/2025 5:33,21.75,0
566,8/14/2025 6:33,21.58,0
567,8/14/2025 7:33,21.66,1.78
568,8/14/2025 8:33,22.01,6.24
569,8/14/2025 9:33,25.39,24.41
570,8/14/2025 10:33,28.31,35.36
571,8/14/2025 11:33,30.41,41.6
572,8/14/2025 12:33,32.22,45.66
573,8/14/2025 13:33,33.42,49.72
574,8/14/2025 14:33,34.1,45.66
575,8/14/2025 15:33,34.02,29.37
576,8/14/2025 16:33,32.64,31.35
577,8/14/2025 17:33,30.28,20.85
578,8/14/2025 18:33,28.27,3.76
579,8/14/2025 19:33,26.34,1.78
580,8/14/2025 20:33,25.14,0
581,8/14/2025 21:33,24.28,0
582,8/14/2025 22:33,23.51,0
583,8/14/2025 23:33,23.08,0
584,8/15/2025 0:33,22.73,0
585,8/15/2025 1:33,22.39,0
586,8/15/2025 2:33,22.13,0
587,8/15/2025 3:33,21.83,0
588,8/15/2025 4:33,21.62,0
589,8/15/2025 5:33,21.49,0
590,8/15/2025 6:33,21.28,0
591,8/15/2025 7:33,21.32,1.58
592,8/15/2025 8:33,21.7,3.78
593,8/15/2025 9:33,24.92,14.95
594,8/15/2025 10:33,27.71,21.84
595,8/15/2025 11:33,30.37,23.47
596,8/15/2025 12:33,32.6,24.66
597,8/15/2025 13:33,33.5,37.24
598,8/15/2025 14:33,34.66,44.66
599,8/15/2025 15:33,31.23,8.04
600,8/15/2025 16:33,32.04,22.78
601,8/15/2025 17:33,30.2,15.45
602,8/15/2025 18:33,27.75,3.76
603,8/15/2025 19:33,25.91,1.58
604,8/15/2025 20:33,25.01,0
605,8/15/2025 21:33,24.28,0
606,8/15/2025 22:33,23.64,0
607,8/15/2025 23:33,23.21,0
608,8/16/2025 0:33,22.78,0
609,8/16/2025 1:33,22.39,0
610,8/16/2025 2:33,22.05,0
611,8/16/2025 3:33,21.75,0
612,8/16/2025 4:33,21.53,0
613,8/16/2025 5:33,21.36,0
614,8/16/2025 6:33,21.19,0
615,8/16/2025 7:33,21.28,0.99
616,8/16/2025 8:33,21.7,1.98
617,8/16/2025 9:33,25.31,11.29
618,8/16/2025 10:33,28.4,15.7
619,8/16/2025 11:33,30.8,24.17
620,8/16/2025 12:33,32.69,23.08
621,8/16/2025 13:33,33.85,24.31
622,8/16/2025 14:33,33.59,22.63
623,8/16/2025 15:33,33.97,19.02
624,8/16/2025 16:33,32.47,10.67
625,8/16/2025 17:33,30.59,9.23
626,8/16/2025 18:33,28.35,2.57
627,8/16/2025 19:33,26.77,1.38
628,8/16/2025 20:33,25.87,0
629,8/16/2025 21:33,25.22,0
630,8/16/2025 22:33,24.71,0
631,8/16/2025 23:33,24.24,0
632,8/17/2025 0:33,23.94,0
633,8/17/2025 1:33,23.72,0
634,8/17/2025 2:33,23.42,0
635,8/17/2025 3:33,23.25,0
636,8/17/2025 4:33,23.55,0
637,8/17/2025 5:33,22.78,0
638,8/17/2025 6:33,22.73,68.54
639,8/17/2025 7:33,22.86,585.6
640,8/17/2025 8:33,23.25,3261.44
641,8/17/2025 9:33,26.6,4494.08
642,8/17/2025 10:33,26.68,7536.64
643,8/17/2025 11:33,29.08,8893.44
644,8/17/2025 12:33,32.13,4195.84
645,8/17/2025 13:33,33.89,20628.48
646,8/17/2025 14:33,30.63,5509.12
647,8/17/2025 15:33,30.93,3920.64
648,8/17/2025 16:33,30.54,4691.2
649,8/17/2025 17:33,29.38,2912
650,8/17/2025 18:33,28.14,3356.16
651,8/17/2025 19:33,24.45,670.4
652,8/17/2025 20:33,23.51,9.33
653,8/17/2025 21:33,23.08,0
654,8/17/2025 22:33,22.26,0
655,8/17/2025 23:33,21.79,0
656,8/18/2025 0:33,21.28,0
657,8/18/2025 1:33,21.06,0
658,8/18/2025 2:33,20.89,0
659,8/18/2025 3:33,20.76,0
660,8/18/2025 4:33,20.5,0
661,8/18/2025 5:33,20.29,0
662,8/18/2025 6:33,20.03,11.09
663,8/18/2025 7:33,19.95,86.16
664,8/18/2025 8:33,20.12,156.88
665,8/18/2025 9:33,24.02,1133.76
666,8/18/2025 10:33,26.81,1678.08
667,8/18/2025 11:33,29.3,2006.4
668,8/18/2025 12:33,31.1,2431.36
669,8/18/2025 13:33,32.73,2711.04
670,8/18/2025 14:33,33.46,2755.84
671,8/18/2025 15:33,32.17,2529.28
672,8/18/2025 16:33,31.83,1708.16
673,8/18/2025 17:33,29.68,1422.72
674,8/18/2025 18:33,27.32,546.72
675,8/18/2025 19:33,23.94,53.48
676,8/18/2025 20:33,22.82,0.59
677,8/18/2025 21:33,21.96,0
678,8/18/2025 22:33,21.32,0
679,8/18/2025 23:33,20.93,0
680,8/19/2025 0:33,20.68,0
681,8/19/2025 1:33,20.25,0
682,8/19/2025 2:33,19.99,0
683,8/19/2025 3:33,19.95,0
684,8/19/2025 4:33,19.73,0
685,8/19/2025 5:33,19.69,0
686,8/19/2025 6:33,19.56,5.54
687,8/19/2025 7:33,19.86,102.72
688,8/19/2025 8:33,20.37,129.16
689,8/19/2025 9:33,20.5,117.08
690,8/19/2025 10:33,23.25,408.48
691,8/19/2025 11:33,22.09,135.28
692,8/19/2025 12:33,22.31,615.36
693,8/19/2025 13:33,23.34,436.16
694,8/19/2025 14:33,23.16,282.32
695,8/19/2025 15:33,23.59,211.76
696,8/19/2025 16:33,23.16,222.48
697,8/19/2025 17:33,22.82,107.36
698,8/19/2025 18:33,22.35,65.08
699,8/19/2025 19:33,21.79,15.75
700,8/19/2025 20:33,21.66,0
701,8/19/2025 21:33,21.62,0
702,8/19/2025 22:33,21.53,0
703,8/19/2025 23:33,21.49,0
704,8/20/2025 0:33,21.36,0
705,8/20/2025 1:33,21.19,0
706,8/20/2025 2:33,21.15,0
707,8/20/2025 3:33,20.98,0
708,8/20/2025 4:33,20.8,0
709,8/20/2025 5:33,20.8,0
710,8/20/2025 6:33,20.68,2.17
711,8/20/2025 7:33,20.85,16.17
712,8/20/2025 8:33,20.85,32.88
713,8/20/2025 9:33,21.19,243.68
714,8/20/2025 10:33,21.36,141.92
715,8/20/2025 11:33,22.69,372
716,8/20/2025 12:33,22.61,252.4
717,8/20/2025 13:33,23.51,568.16
718,8/20/2025 14:33,23.81,256.32
719,8/20/2025 15:33,23.21,221.68
720,8/20/2025 16:33,23.08,344.32
721,8/20/2025 17:33,22.35,239.12
722,8/20/2025 18:33,22.01,121.92
723,8/20/2025 19:33,21.49,42.04
724,8/20/2025 20:33,21.1,0.39
725,8/20/2025 21:33,20.89,0
726,8/20/2025 22:33,20.55,0
727,8/20/2025 23:33,20.42,0
728,8/21/2025 0:33,20.37,0
729,8/21/2025 1:33,20.25,0
730,8/21/2025 2:33,20.2,0
731,8/21/2025 3:33,20.2,0
732,8/21/2025 4:33,20.12,0
733,8/21/2025 5:33,20.07,0
734,8/21/2025 6:33,20.03,1.18
735,8/21/2025 7:33,20.07,37.64
736,8/21/2025 8:33,20.25,213.36
737,8/21/2025 9:33,21.19,544.8
738,8/21/2025 10:33,22.56,549.6
739,8/21/2025 11:33,25.01,2123.52
740,8/21/2025 12:33,28.44,531.36
741,8/21/2025 13:33,29.68,242.48
742,8/21/2025 14:33,31.53,195.12
743,8/21/2025 15:33,32.13,174.24
744,8/21/2025 16:33,31.57,31.84
745,8/21/2025 17:33,30.11,78.64
746,8/21/2025 18:33,27.63,11.66
747,8/21/2025 19:33,24.41,5.34
748,8/21/2025 20:33,23.21,0
749,8/21/2025 21:33,22.31,0
750,8/21/2025 22:33,21.7,0
751,8/21/2025 23:33,21.19,0
752,8/22/2025 0:33,20.76,0
753,8/22/2025 1:33,20.46,0
754,8/22/2025 2:33,20.16,0
755,8/22/2025 3:33,19.9,0
756,8/22/2025 4:33,19.65,0
757,8/22/2025 5:33,19.47,0
758,8/22/2025 6:33,19.3,0.19
759,8/22/2025 7:33,19.35,4.55
760,8/22/2025 8:33,19.69,18.22
761,8/22/2025 9:33,23.85,58.54
762,8/22/2025 10:33,26.64,87.24
763,8/22/2025 11:33,26.21,34.42
764,8/22/2025 12:33,30.71,50.22
765,8/22/2025 13:33,31.31,169.04
766,8/22/2025 14:33,31.31,42.04
767,8/22/2025 15:33,30.93,126.48
768,8/22/2025 16:33,30.89,75.58
769,8/22/2025 17:33,29.81,56.76
770,8/22/2025 18:33,27.71,6.81
771,8/22/2025 19:33,24.36,3.17
772,8/22/2025 20:33,23.29,0.19
773,8/22/2025 21:33,22.43,0
774,8/22/2025 22:33,21.79,0
775,8/22/2025 23:33,21.4,0
776,8/23/2025 0:33,20.98,0
777,8/23/2025 1:33,20.68,0
778,8/23/2025 2:33,20.33,0
779,8/23/2025 3:33,20.12,0
780,8/23/2025 4:33,19.99,0
781,8/23/2025 5:33,19.9,0
782,8/23/2025 6:33,19.86,0
783,8/23/2025 7:33,20.16,5.77
784,8/23/2025 8:33,20.8,13.69
785,8/23/2025 9:33,22.69,27.53
786,8/23/2025 10:33,22.61,29.57
787,8/23/2025 11:33,25.61,47.84
788,8/23/2025 12:33,26.12,35.26
789,8/23/2025 13:33,25.74,41.74
790,8/23/2025 14:33,24.28,33.63
791,8/23/2025 15:33,23.16,27.14
792,8/23/2025 16:33,23.64,25.11
793,8/23/2025 17:33,24.11,47.04
794,8/23/2025 18:33,22.61,9.01
795,8/23/2025 19:33,21.96,1.98
796,8/23/2025 20:33,21.66,0
797,8/23/2025 21:33,21.28,0
798,8/23/2025 22:33,20.93,0
799,8/23/2025 23:33,20.63,0
800,8/24/2025 0:33,20.5,0
801,8/24/2025 1:33,20.2,0
802,8/24/2025 2:33,20.12,0
803,8/24/2025 3:33,20.16,0
804,8/24/2025 4:33,19.73,0
805,8/24/2025 5:33,20.03,0
806,8/24/2025 6:33,20.12,0
807,8/24/2025 7:33,20.2,8.19
808,8/24/2025 8:33,20.42,6.36
809,8/24/2025 9:33,23.34,53.58
810,8/24/2025 10:33,25.48,62.6
811,8/24/2025 11:33,25.44,13.74
812,8/24/2025 12:33,29.08,116
813,8/24/2025 13:33,27.37,46.46
814,8/24/2025 14:33,27.24,32.78
815,8/24/2025 15:33,25.09,22.63
816,8/24/2025 16:33,25.99,84.08
817,8/24/2025 17:33,25.31,34.87
818,8/24/2025 18:33,22.61,7.85
819,8/24/2025 19:33,21.28,0.39
820,8/24/2025 20:33,20.85,0
821,8/24/2025 21:33,20.46,0
822,8/24/2025 22:33,20.5,0
823,8/24/2025 23:33,19.86,0
824,8/25/2025 0:33,19.56,0
825,8/25/2025 1:33,19.3,0
826,8/25/2025 2:33,19.09,0
827,8/25/2025 3:33,18.92,0
828,8/25/2025 4:33,18.66,0
829,8/25/2025 5:33,18.53,0
830,8/25/2025 6:33,18.44,0
831,8/25/2025 7:33,18.4,2.57
832,8/25/2025 8:33,18.49,8.39
833,8/25/2025 9:33,21.1,58.44
834,8/25/2025 10:33,23.12,79.2
835,8/25/2025 11:33,24.62,89.84
836,8/25/2025 12:33,24.97,27.98
837,8/25/2025 13:33,27.5,20.7
838,8/25/2025 14:33,28.23,125.88
839,8/25/2025 15:33,27.2,109.24
840,8/25/2025 16:33,28.4,78.54
841,8/25/2025 17:33,26.68,21.05
842,8/25/2025 18:33,22.91,4.8
843,8/25/2025 19:33,21.15,3.17
844,8/25/2025 20:33,20.37,0
845,8/25/2025 21:33,19.9,0
846,8/25/2025 22:33,19.3,0
847,8/25/2025 23:33,18.74,0
848,8/26/2025 0:33,18.49,0
849,8/26/2025 1:33,18.4,0
850,8/26/2025 2:33,18.32,0
851,8/26/2025 3:33,18.1,0
852,8/26/2025 4:33,17.97,0
853,8/26/2025 5:33,17.93,0
854,8/26/2025 6:33,17.72,0
855,8/26/2025 7:33,17.54,2.97
856,8/26/2025 8:33,17.76,12.03
857,8/26/2025 9:33,20.63,55.26
858,8/26/2025 10:33,23.08,84.76
859,8/26/2025 11:33,25.69,106.28
860,8/26/2025 12:33,27.37,116.96
861,8/26/2025 13:33,27.02,19.86
862,8/26/2025 14:33,27.63,95.04
863,8/26/2025 15:33,28.31,75.6
864,8/26/2025 16:33,25.95,8.32
865,8/26/2025 17:33,24.49,39.03
866,8/26/2025 18:33,22.09,4.21
867,8/26/2025 19:33,20.33,1.58
868,8/26/2025 20:33,19.43,0
869,8/26/2025 21:33,18.74,0
870,8/26/2025 22:33,18.27,0
871,8/26/2025 23:33,18.14,0
872,8/27/2025 0:33,17.84,0
873,8/27/2025 1:33,17.5,0
874,8/27/2025 2:33,17.41,0
875,8/27/2025 3:33,17.72,0
876,8/27/2025 4:33,17.84,0
877,8/27/2025 5:33,17.8,0
878,8/27/2025 6:33,17.67,0
879,8/27/2025 7:33,17.37,4.35
880,8/27/2025 8:33,17.8,11.88
881,8/27/2025 9:33,20.68,54.38
882,8/27/2025 10:33,23.46,74.56
883,8/27/2025 11:33,25.22,77.66
884,8/27/2025 12:33,27.58,24.71
885,8/27/2025 13:33,28.44,13.54
886,8/27/2025 14:33,27.02,93.96
887,8/27/2025 15:33,28.65,82.44
888,8/27/2025 16:33,27.63,61.8
889,8/27/2025 17:33,25.78,46.3
890,8/27/2025 18:33,22.35,5.42
891,8/27/2025 19:33,20.2,1.98
892,8/27/2025 20:33,19.65,0
893,8/27/2025 21:33,18.74,0
894,8/27/2025 22:33,18.27,0
895,8/27/2025 23:33,17.84,0
896,8/28/2025 0:33,17.59,0
897,8/28/2025 1:33,17.46,0.19
898,8/28/2025 2:33,17.37,0
899,8/28/2025 3:33,17.2,0
900,8/28/2025 4:33,17.07,0
901,8/28/2025 5:33,16.99,0
902,8/28/2025 6:33,16.86,0
903,8/28/2025 7:33,16.99,5.15
904,8/28/2025 8:33,17.5,15.8
905,8/28/2025 9:33,18.66,30.46
906,8/28/2025 10:33,19.47,46.26
907,8/28/2025 11:33,21.36,35.76
908,8/28/2025 12:33,20.37,39.82
909,8/28/2025 13:33,20.2,30.41
910,8/28/2025 14:33,21.1,34.91
911,8/28/2025 15:33,22.05,32.88
912,8/28/2025 16:33,23.42,90.72
913,8/28/2025 17:33,19.95,7.77
914,8/28/2025 18:33,20.59,6.78
915,8/28/2025 19:33,19.3,1.98
916,8/28/2025 20:33,18.87,0
917,8/28/2025 21:33,17.97,0
918,8/28/2025 22:33,17.41,0
919,8/28/2025 23:33,17.54,0
920,8/29/2025 0:33,17.03,0.19
921,8/29/2025 1:33,16.56,0
922,8/29/2025 2:33,16.39,0
923,8/29/2025 3:33,16.13,0
924,8/29/2025 4:33,16,0
925,8/29/2025 5:33,15.83,0
926,8/29/2025 6:33,15.78,0
927,8/29/2025 7:33,15.78,1.58
928,8/29/2025 8:33,16.34,19.81
929,8/29/2025 9:33,19.82,37.79
930,8/29/2025 10:33,19.69,26.74
931,8/29/2025 11:33,21.28,53.58
932,8/29/2025 12:33,21.53,19.81
933,8/29/2025 13:33,20.72,35.66
934,8/29/2025 14:33,21.53,27.98
935,8/29/2025 15:33,21.7,39.77
936,8/29/2025 16:33,22.86,31.25
937,8/29/2025 17:33,20.59,13.52
938,8/29/2025 18:33,18.83,5.57
939,8/29/2025 19:33,17.63,0.99
940,8/29/2025 20:33,16.81,0
941,8/29/2025 21:33,16.34,0
942,8/29/2025 22:33,15.96,0
943,8/29/2025 23:33,15.74,0.19
944,8/30/2025 0:33,15.57,0
945,8/30/2025 1:33,15.4,0
946,8/30/2025 2:33,15.27,0
947,8/30/2025 3:33,15.27,0
948,8/30/2025 4:33,15.18,0
949,8/30/2025 5:33,15.06,0
950,8/30/2025 6:33,15.01,0
951,8/30/2025 7:33,15.06,1.98
952,8/30/2025 8:33,15.61,18.62
953,8/30/2025 9:33,18.87,39.77
954,8/30/2025 10:33,22.18,63.3
955,8/30/2025 11:33,25.22,13.54
956,8/30/2025 12:33,26.21,94.28
957,8/30/2025 13:33,25.61,33.18
958,8/30/2025 14:33,27.15,13.52
959,8/30/2025 15:33,26.81,41.34
960,8/30/2025 16:33,25.78,49.52
961,8/30/2025 17:33,24.36,7.05
962,8/30/2025 18:33,21.32,7.8
963,8/30/2025 19:33,19.56,2.57
964,8/30/2025 20:33,18.44,0
965,8/30/2025 21:33,17.54,0
966,8/30/2025 22:33,16.86,0
967,8/30/2025 23:33,16.39,0
968,8/31/2025 0:33,16,0
969,8/31/2025 1:33,15.61,0
970,8/31/2025 2:33,15.23,0
971,8/31/2025 3:33,14.97,0
972,8/31/2025 4:33,14.93,0
973,8/31/2025 5:33,14.88,0
974,8/31/2025 6:33,14.8,0
975,8/31/2025 7:33,14.88,1.38
976,8/31/2025 8:33,15.36,14.16
977,8/31/2025 9:33,19.13,31.25
978,8/31/2025 10:33,22.18,46.94
979,8/31/2025 11:33,24.66,55.86
980,8/31/2025 12:33,27.2,55.26
981,8/31/2025 13:33,28.87,55.16
982,8/31/2025 14:33,29.68,48.72
983,8/31/2025 15:33,29.47,39.42
984,8/31/2025 16:33,28.7,30.41
985,8/31/2025 17:33,26.77,20.3
986,8/31/2025 18:33,23.03,1.8
987,8/31/2025 19:33,20.46,0.19
988,8/31/2025 20:33,19.17,0
989,8/31/2025 21:33,18.23,0
990,8/31/2025 22:33,17.54,0
991,8/31/2025 23:33,16.94,0
992,9/1/2025 0:33,16.51,0
993,9/1/2025 1:33,16.04,0
994,9/1/2025 2:33,15.61,0
995,9/1/2025 3:33,15.48,0
996,9/1/2025 4:33,15.36,0
997,9/1/2025 5:33,15.06,0
998,9/1/2025 6:33,14.93,0
999,9/1/2025 7:33,14.97,0.79
1000,9/1/2025 8:33,15.53,8.49
1001,9/1/2025 9:33,19,26.79
1002,9/1/2025 10:33,22.35,38.53
1003,9/1/2025 11:33,25.27,43.04
1004,9/1/2025 12:33,27.63,16.64
1005,9/1/2025 13:33,29.3,48.04
1006,9/1/2025 14:33,29.73,41.9
1007,9/1/2025 15:33,29.3,35.41
1008,9/1/2025 16:33,28.27,27.63
1009,9/1/2025 17:33,26.85,18.62
1010,9/1/2025 18:33,23.64,2.37
1011,9/1/2025 19:33,21.32,0.19
1012,9/1/2025 20:33,19.73,0
1013,9/1/2025 21:33,18.57,0
1014,9/1/2025 22:33,17.84,0
1015,9/1/2025 23:33,17.46,0
1016,9/2/2025 0:33,16.99,0
1017,9/2/2025 1:33,16.6,0
1018,9/2/2025 2:33,16.34,0
1019,9/2/2025 3:33,15.96,0
1020,9/2/2025 4:33,15.7,0
1021,9/2/2025 5:33,15.48,0
1022,9/2/2025 6:33,15.36,0
1023,9/2/2025 7:33,15.27,1.38
1024,9/2/2025 8:33,15.91,9.73
1025,9/2/2025 9:33,19.6,25.6
1026,9/2/2025 10:33,21.92,29.22
1027,9/2/2025 11:33,23.51,58.44
1028,9/2/2025 12:33,27.84,69.92
1029,9/2/2025 13:33,29.04,18.62
1030,9/2/2025 14:33,27.8,31.7
1031,9/2/2025 15:33,27.97,21.94
1032,9/2/2025 16:33,27.71,30.95
1033,9/2/2025 17:33,26.12,19.51
1034,9/2/2025 18:33,22.56,1.6
1035,9/2/2025 19:33,20.98,0.19
1036,9/2/2025 20:33,19.47,0
1037,9/2/2025 21:33,18.57,0
1038,9/2/2025 22:33,17.84,0
1039,9/2/2025 23:33,17.24,0
1040,9/3/2025 0:33,16.81,0
1041,9/3/2025 1:33,16.43,0
1042,9/3/2025 2:33,16.17,0
1043,9/3/2025 3:33,15.83,0
1044,9/3/2025 4:33,15.66,0
1045,9/3/2025 5:33,15.44,0
1046,9/3/2025 6:33,15.23,0
1047,9/3/2025 7:33,15.4,1.98
1048,9/3/2025 8:33,16.04,4.75
1049,9/3/2025 9:33,19.82,23.13
1050,9/3/2025 10:33,23.64,28.82
1051,9/3/2025 11:33,25.48,34.52
1052,9/3/2025 12:33,27.11,36.9
1053,9/3/2025 13:33,28.01,37.69
1054,9/3/2025 14:33,28.14,32.44
1055,9/3/2025 15:33,27.5,25.16
1056,9/3/2025 16:33,26.34,17.78
1057,9/3/2025 17:33,24.62,12.9
1058,9/3/2025 18:33,22.01,3.39
1059,9/3/2025 19:33,20.76,0.39
1060,9/3/2025 20:33,20.03,0
1061,9/3/2025 21:33,19.77,0
1062,9/3/2025 22:33,19.09,0
1063,9/3/2025 23:33,18.96,0
1064,9/4/2025 0:33,18.7,0
1065,9/4/2025 1:33,18.49,0
1066,9/4/2025 2:33,18.36,0
1067,9/4/2025 3:33,18.19,0
1068,9/4/2025 4:33,17.93,0
1069,9/4/2025 5:33,17.54,0
1070,9/4/2025 6:33,17.41,0
1071,9/4/2025 7:33,16.86,1.38
1072,9/4/2025 8:33,16.86,2.77
1073,9/4/2025 9:33,17.03,6.98
1074,9/4/2025 10:33,17.76,8.81
1075,9/4/2025 11:33,19.13,13.72
1076,9/4/2025 12:33,21.66,18.57
1077,9/4/2025 13:33,25.99,42.84
1078,9/4/2025 14:33,24.36,16.14
1079,9/4/2025 15:33,25.78,57.54
1080,9/4/2025 16:33,25.65,12.11
1081,9/4/2025 17:33,22.78,13.67
1082,9/4/2025 18:33,19.9,6.76
1083,9/4/2025 19:33,18.27,0.79
1084,9/4/2025 20:33,17.33,0
1085,9/4/2025 21:33,16.81,0
1086,9/4/2025 22:33,16.39,0
1087,9/4/2025 23:33,16.13,0
1088,9/5/2025 0:33,16.08,0
1089,9/5/2025 1:33,16.13,0
1090,9/5/2025 2:33,16.34,0
1091,9/5/2025 3:33,15.96,0
1092,9/5/2025 4:33,15.61,0
1093,9/5/2025 5:33,15.4,0
1094,9/5/2025 6:33,15.31,0
1095,9/5/2025 7:33,15.53,2.97
1096,9/5/2025 8:33,15.96,7.82
1097,9/5/2025 9:33,17.76,24.66
1098,9/5/2025 10:33,18.27,26.69
1099,9/5/2025 11:33,21.36,189.36
1100,9/5/2025 12:33,22.69,31.79
1101,9/5/2025 13:33,23.55,94.32
1102,9/5/2025 14:33,25.44,143.52
1103,9/5/2025 15:33,22.13,16.89
1104,9/5/2025 16:33,21.58,12.63
1105,9/5/2025 17:33,20.2,24.17
1106,9/5/2025 18:33,17.84,4.95
1107,9/5/2025 19:33,17.37,1.98
1108,9/5/2025 20:33,16.81,0
1109,9/5/2025 21:33,16.56,0
1110,9/5/2025 22:33,16.43,0
1111,9/5/2025 23:33,16.26,0
1112,9/6/2025 0:33,16.17,0
1113,9/6/2025 1:33,15.91,0
1114,9/6/2025 2:33,15.83,0
1115,9/6/2025 3:33,16.04,0
1116,9/6/2025 4:33,15.96,0.19
1117,9/6/2025 5:33,15.96,0
1118,9/6/2025 6:33,15.87,0
1119,9/6/2025 7:33,15.78,0.79
1120,9/6/2025 8:33,16,3.76
1121,9/6/2025 9:33,17.8,22.19
1122,9/6/2025 10:33,18.44,12.45
1123,9/6/2025 11:33,21.66,61.4
1124,9/6/2025 12:33,23.68,15.7
1125,9/6/2025 13:33,22.99,19.31
1126,9/6/2025 14:33,21.36,16.89
1127,9/6/2025 15:33,21.36,54.08
1128,9/6/2025 16:33,20.37,16.14
1129,9/6/2025 17:33,18.83,8.59
1130,9/6/2025 18:33,17.89,5.34
1131,9/6/2025 19:33,17.16,0.99
1132,9/6/2025 20:33,16.77,0
1133,9/6/2025 21:33,16.6,0
1134,9/6/2025 22:33,16.47,0
1135,9/6/2025 23:33,16.34,0
1136,9/7/2025 0:33,16.13,0
1137,9/7/2025 1:33,15.78,0
1138,9/7/2025 2:33,15.4,0
1139,9/7/2025 3:33,15.14,0.19
1140,9/7/2025 4:33,15.06,0
1141,9/7/2025 5:33,14.93,0
1142,9/7/2025 6:33,14.8,0
1143,9/7/2025 7:33,14.67,1.18
1144,9/7/2025 8:33,15.18,3.96
1145,9/7/2025 9:33,17.93,27.09
1146,9/7/2025 10:33,20.89,35.66
1147,9/7/2025 11:33,22.95,42.14
1148,9/7/2025 12:33,24.62,49.42
1149,9/7/2025 13:33,24.79,55.16
1150,9/7/2025 14:33,25.91,43.78
1151,9/7/2025 15:33,24.49,27.53
1152,9/7/2025 16:33,22.69,12.25
1153,9/7/2025 17:33,20.5,23.47
1154,9/7/2025 18:33,18.57,3.36
1155,9/7/2025 19:33,17.84,0.39
1156,9/7/2025 20:33,17.37,0
1157,9/7/2025 21:33,16.73,0
1158,9/7/2025 22:33,16.21,0
1159,9/7/2025 23:33,15.74,0
1160,9/8/2025 0:33,15.44,0
1161,9/8/2025 1:33,15.23,0
1162,9/8/2025 2:33,14.88,0
1163,9/8/2025 3:33,14.84,0
1164,9/8/2025 4:33,14.58,0
1165,9/8/2025 5:33,14.45,0
1166,9/8/2025 6:33,14.28,0
1167,9/8/2025 7:33,14.2,0.99
1168,9/8/2025 8:33,14.71,3.78
1169,9/8/2025 9:33,17.46,23.03
1170,9/8/2025 10:33,20.85,38.53
1171,9/8/2025 11:33,22.48,50.22
1172,9/8/2025 12:33,24.54,13.24
1173,9/8/2025 13:33,26.42,55.86
1174,9/8/2025 14:33,23.89,13.86
1175,9/8/2025 15:33,21.23,14.11
1176,9/8/2025 16:33,24.36,27.93
1177,9/8/2025 17:33,22.69,18.57
1178,9/8/2025 18:33,19.22,2.57
1179,9/8/2025 19:33,17.84,0.39
1180,9/8/2025 20:33,16.73,0
1181,9/8/2025 21:33,15.91,0
1182,9/8/2025 22:33,15.36,0
1183,9/8/2025 23:33,14.93,0
1184,9/9/2025 0:33,14.67,0
1185,9/9/2025 1:33,14.41,0
1186,9/9/2025 2:33,14.37,0
1187,9/9/2025 3:33,14.24,0
1188,9/9/2025 4:33,14.24,0
1189,9/9/2025 5:33,14.11,0
1190,9/9/2025 6:33,14.03,0
1191,9/9/2025 7:33,14.03,1.38
1192,9/9/2025 8:33,14.5,4.38
1193,9/9/2025 9:33,16.81,17.38
1194,9/9/2025 10:33,20.42,22.14
1195,9/9/2025 11:33,22.95,852.48
1196,9/9/2025 12:33,25.44,128.76
1197,9/9/2025 13:33,26.94,69.92
1198,9/9/2025 14:33,27.63,72.6
1199,9/9/2025 15:33,27.5,50.52
1200,9/9/2025 16:33,26.3,38.58
1201,9/9/2025 17:33,23.98,13.32
1202,9/9/2025 18:33,21.15,2.97
1203,9/9/2025 19:33,19.13,0.39
1204,9/9/2025 20:33,17.63,0
1205,9/9/2025 21:33,16.86,0
1206,9/9/2025 22:33,16.08,0
1207,9/9/2025 23:33,15.61,0
1208,9/10/2025 0:33,15.18,0
1209,9/10/2025 1:33,15.01,0
1210,9/10/2025 2:33,14.88,0
1211,9/10/2025 3:33,14.67,0
1212,9/10/2025 4:33,14.54,0
1213,9/10/2025 5:33,14.41,0
1214,9/10/2025 6:33,14.28,0
1215,9/10/2025 7:33,14.2,0.39
1216,9/10/2025 8:33,15.18,5.79
1217,9/10/2025 9:33,17.63,16.59
1218,9/10/2025 10:33,21.7,32.04
1219,9/10/2025 11:33,25.09,34.72
1220,9/10/2025 12:33,27.15,151.84
1221,9/10/2025 13:33,28.44,38.18
1222,9/10/2025 14:33,27.02,24.12
1223,9/10/2025 15:33,24.36,19.66
1224,9/10/2025 16:33,24.79,15.1
1225,9/10/2025 17:33,22.39,15.8
1226,9/10/2025 18:33,20.93,3.17
1227,9/10/2025 19:33,19.9,0
1228,9/10/2025 20:33,19.09,0
1229,9/10/2025 21:33,18.53,0
1230,9/10/2025 22:33,18.02,0
1231,9/10/2025 23:33,17.5,0
1232,9/11/2025 0:33,17.16,0
1233,9/11/2025 1:33,16.77,0
1234,9/11/2025 2:33,16.17,0
1235,9/11/2025 3:33,15.78,0
1236,9/11/2025 4:33,15.4,0
1237,9/11/2025 5:33,15.06,0
1238,9/11/2025 6:33,14.84,0
1239,9/11/2025 7:33,14.67,0.59
1240,9/11/2025 8:33,15.1,2.77
1241,9/11/2025 9:33,17.33,14.51
1242,9/11/2025 10:33,20.72,59.72
1243,9/11/2025 11:33,23.38,71.22
1244,9/11/2025 12:33,21.92,45404.16
1245,9/11/2025 13:33,26.81,35368.96
1246,9/11/2025 14:33,27.5,26255.36
1247,9/11/2025 15:33,26.51,24770.56
1248,9/11/2025 16:33,26.94,26.49
1249,9/11/2025 17:33,19.86,13.27
1250,9/11/2025 18:33,25.05,0
1251,9/11/2025 19:33,27.02,0
1252,9/11/2025 20:33,27.02,0
1253,9/11/2025 21:33,25.78,0
1254,9/11/2025 22:33,24.36,0
1255,9/11/2025 23:33,23.94,0
1256,9/12/2025 0:33,23.72,0
1257,9/12/2025 1:33,23.76,0
1258,9/12/2025 2:33,23.68,0
1259,9/12/2025 3:33,23.51,0
1260,9/12/2025 4:33,23.38,0
1261,9/12/2025 5:33,23.16,0
1262,9/12/2025 6:33,23.03,0
1263,9/12/2025 7:33,22.82,0
1264,9/12/2025 8:33,23.12,0.19
1265,9/12/2025 9:33,23.81,0.19
1266,9/12/2025 10:33,24.54,0
1267,9/12/2025 11:33,35.69,8.91
1268,9/12/2025 12:33,32.26,2.57
1269,9/12/2025 13:33,28.31,1.98
1270,9/12/2025 14:33,23.42,0.59
1271,9/12/2025 15:33,20.5,0.59
1272,9/12/2025 16:33,20.85,0.59
1273,9/12/2025 17:33,21.53,1.58
1274,9/12/2025 18:33,21.75,0
1275,9/12/2025 19:33,20.5,0
1276,9/12/2025 20:33,19.77,0
1277,9/12/2025 21:33,19.3,0
1278,9/12/2025 22:33,19.69,0
1279,9/12/2025 23:33,19.77,0
1280,9/13/2025 0:33,30.03,0
1281,9/13/2025 1:33,26.08,0
1282,9/13/2025 2:33,20.5,0
1283,9/13/2025 3:33,19.47,0
1284,9/13/2025 4:33,19.6,0
1285,9/13/2025 5:33,19.52,0
1286,9/13/2025 6:33,19.6,0
1287,9/13/2025 7:33,19.9,0
1288,9/13/2025 8:33,19.77,0.19
1289,9/13/2025 9:33,20.12,0.99
1290,9/13/2025 10:33,20.25,1.58
1291,9/13/2025 11:33,20.25,1.58
1292,9/13/2025 12:33,20.12,3.36
1293,9/13/2025 13:33,19.69,2.77
1294,9/13/2025 14:33,19.86,4.35
1295,9/13/2025 15:33,19.6,6.73
1296,9/13/2025 16:33,19.35,1.98
1297,9/13/2025 17:33,33.85,8.71
1298,9/13/2025 18:33,21.15,7.13
1299,9/13/2025 19:33,21.49,0
1300,9/13/2025 20:33,20.37,0
1301,9/13/2025 21:33,19.77,0
1302,9/13/2025 22:33,20.76,0
1303,9/13/2025 23:33,21.4,0
1304,9/14/2025 0:33,20.37,0
1305,9/14/2025 1:33,21.02,0
1306,9/14/2025 2:33,21.45,0
1307,9/14/2025 3:33,22.61,0
1308,9/14/2025 4:33,22.73,0
1309,9/14/2025 5:33,22.43,0
1310,9/14/2025 6:33,22.31,0
1311,9/14/2025 7:33,22.22,0.59
1312,9/14/2025 8:33,22.09,3.17
1313,9/14/2025 9:33,22.13,2.17
1314,9/14/2025 10:33,22.26,2.57
1315,9/14/2025 11:33,23.12,2.97
1316,9/14/2025 12:33,23.64,5.15
1317,9/14/2025 13:33,23.34,1.58
1318,9/14/2025 14:33,22.05,1.98
1319,9/14/2025 15:33,21.83,3.17
1320,9/14/2025 16:33,23.55,0.39
